City	Library	(Collection + ) Call Number	Witness to text	Specific contents	Main language	Date AH	Date CE	Inferred date		Place	Copyist name	Data from	Ownership	Input (or confirmation) date 	
Alexandria	Maktabat al-Baladiyya	MS 4765 / D Falak	Rasāʾil ikhwān al-ṣafāʾ 	Single epistle (1.3)		911	1505					Catalogue			
Algiers	Bibliothèque nationale d’Algérie	Algiers Museum 1452		Single epistle?								ISMI Website			
Ankara 	Adnan Ötüken İl Halk Kütüphanesi 	06 Hk 1454	Mukhtaṣar Rasāʾil ikhwān al-ṣafāʾ	A mukhtasar of some rasail (54 folios)		1133	1720					Vidi (Scan)			
Ankara 	Adnan Ötüken İl Halk Kütüphanesi 	06 Hk 266		Persian translation		869	1464					Vidi (Scan)			
Ārāk 	K. Ibrahim Dehgān	MS 106	Mujmal al-ḥikmat	Full copy?		1370	1951				Muḥammad Bāqir.	Catalogue		May 2023	
Baghdad 	Baghdadli Wahbi 	Sh 2023		Extract in majmu'a								NLAI			
Baghdad 	Dār al-Kutub wa-l-wathāʾiq al-waṭaniyya 	1287/10462 (?)	Rasāʾil ikhwān al-ṣafāʾ 	Extract in majmu'a 	Arabic	1289	1872					Vidi (Scan)		March 2024	
Baghdad 	Kāẓimiyya Maktabāt al-Jawādīn al-ʿĀmma 	MS 5	Rasāʾil fī ikhwān al-ṣafā	by Kāẓim al-Rashtī (d. 1843)		1237	1822					NLAI			
Baku	Academy of Sciences Azerbaijān	6086 B (25605)	Rasāʾil ikhwān al-ṣafāʾ 	Extract in majmu'a		1304	1886					Aghabozorg.ir			
Beirut 	American University of Beirut Library	MS 140455	Rasāʾil ikhwān al-ṣafāʾ 	Partial ("some rasa'il")								Furqan			
Beirut 	Université St. Joseph	MS 381	Rasāʾil ikhwān al-ṣafāʾ 	Partial (45 epistles)				11th/17th C				Vidi (Scan)			
Beirut 	Université St. Joseph	MS 382	Rasāʾil ikhwān al-ṣafāʾ 	Partial (46 epistles)		1222	1808			Mi'ilya		Vidi (Scan)			
Beirut 	Université St. Joseph	MS 383	Rasāʾil ikhwān al-ṣafāʾ 	Partial (5 epistles of qism 2)				11th/17th C				Vidi (Scan)			
Berlin 	Staatsbibliothek zu Berlin	Diez A oct. 132	Mujmal al-ḥikmat 	Mujmal al-ḥikmat (Persian)		608	1211			Siwas	Ḥusain Ibn-Muḥammad Ibn-Yaʿqūb at-Turkmān	Vidi (Scan)			
Berlin 	Staatsbibliothek zu Berlin	Glaser 7	Rasāʾil ikhwān al-ṣafāʾ 	Partial (mainly 2.3 & 2.4)								Vidi (Scan)			
Berlin 	Staatsbibliothek zu Berlin	Petermann II 361	Rasāʾil ikhwān al-ṣafāʾ 	Epistle 2.8		1227	1812			Calcutta		Catalogue			
Berlin 	Staatsbibliothek zu Berlin	Sprenger 1141	Rasāʾil ikhwān al-ṣafāʾ 	Brief extract in majmū’a from 1.3								Catalogue			
Berlin 	Staatsbibliothek zu Berlin	Sprenger 1946	Rasāʾil ikhwān al-ṣafāʾ 	Partial (2.8, 2.16 & 2.17)				ca. 1100/1688				Catalogue			
Berlin 	Staatsbibliothek zu Berlin	Sprenger 1948/1 	Mujmal al-ḥikmat 	Mujmal al-ḥikmat (Persian) in majmu'a		1050	1640				Qāsim b. Ḥasan Kīlānī	Catalogue			
Berlin 	Staatsbibliothek zu Berlin	Wetzstein 1153	Rasāʾil ikhwān al-ṣafāʾ 	Single epistle in majmu'a (Risala 1.3)				12th/18th C				Catalogue			
Berlin 	Staatsbibliothek zu Berlin	Wetzstein 1219	Rasāʾil ikhwān al-ṣafāʾ 	Single epistle in majmu'a (Risala 51 (magic))								Catalogue		June 2023	
Berlin 	Staatsbibliothek zu Berlin	Wetzstein 1889 	Rasāʾil ikhwān al-ṣafāʾ 	Partial (3.1-3.10 & 4.1)		717	1318			Tabriz?	Abū al-Ẓaffa[r?] Muḥammad b. al-Ashraf b. Muḥammad al-Ḥusaynī al-Nassāba	Catalogue			
Berlin 	Staatsbibliothek zu Berlin	Wetzstein 673 	Rasāʾil ikhwān al-ṣafāʾ 	Single epistle (Risāla 2.8 (animals))				ca. 900/1404				Catalogue			
Berlin 	Staatsbibliothek zu Berlin	Wetzstein II 1176 (5038)	Rasāʾil ikhwān al-ṣafāʾ 	Partial (2.5 - 2.9)				5th/12th C				Non vidi (Institute of Ismaili Studies) / Catalogue			
Berlin 	Staatsbibliothek zu Berlin	Wetzstein II 1834	Rasāʾil ikhwān al-ṣafāʾ 	Extract in majmūʿa 		1200	1786					Vidi (Scan)			
Birmingham 	Cadbury Research Library 	Mingana 821 (180 B-F) 	Rasāʾil ikhwān al-ṣafāʾ 	Five short extracts (astrological)								Catalogue			
Birmingham 	Cadbury Research Library 	Mingana 822 (711)	Rasāʾil ikhwān al-ṣafāʾ 	Partial 				13th/19th C				Catalogue			
Bonn	Universitäts- und Landesbibliothek Bonn	Sp 15	Rasāʾil ikhwān al-ṣafāʾ 	Single epistle (Animals) / However, 752 pages?		1225	1810			Calcutta	Sayyid Shāh ʿAbd al-ʿAzīz Qalandar Bukhārī	Qalamos			
Bursa	Inebey Kütüphanesi	H. Celebi 419 		Partial copy (?  needs closer study)								Vidi (Scan)			
Bursa 	Inebey Kütüphanesi	Haracci 916	Rasāʾil ikhwān al-ṣafāʾ 	Partial (qism 1 and most of qism 2)								Vidi (Scan)			
Bursa 	Inebey Kütüphanesi	Haracci 917	Risālat al-Jāmiʿa 	Partial (vol 2 only)		737/1336						Vidi (Scan)			
Cairo 	al-Azhar Library	7246 Abāẓa (437)	Rasāʾil ikhwān al-ṣafāʾ 	Full		1283/1866-7				Cairo?	Jalā (?) al-Sharqāwī 	Catalogue			
Cairo 	Dār al-kutub wa-l-wathāʾiq al-qawmiyya 	MS 143 (?)	Risālat al-Jāmiʿa	Full copy?								Non vidi (Kacimi)			
Cairo 	Dār al-kutub wa-l-wathāʾiq al-qawmiyya 	Riyāḍa 301	Rasāʾil ikhwān al-ṣafāʾ 	Extract in majmūʿa (rasāʾil 1 & 4)								Non vidi (King)			
Cairo 	Dār al-kutub wa-l-wathāʾiq al-qawmiyya 	Hayʾa 10	Rasāʾil ikhwān al-ṣafāʾ 	Extract in majmūʿa 		1163/1749				Maghreb?		ISMI Website		april 2024	
Cairo 	Dār al-kutub wa-l-wathāʾiq al-qawmiyya 	Hayʾa 43		Single risāla (Hayʾa)		1237/1821						ISMI Website		april 2024	
Cairo 	Dār al-kutub wa-l-wathāʾiq al-qawmiyya 	Hayʾa 49		Photocopy of single risāla (Hayʾa) from British Library Add. 9599								ISMI Website		april 2024	
Cairo 	Dār al-kutub wa-l-wathāʾiq al-qawmiyya 	Ḥikmat Taymūr 143	Rasāʾil ikhwān al-ṣafāʾ 	Fulll? 								Non vidi (MALECSO)			
Cairo 	Dār al-kutub wa-l-wathāʾiq al-qawmiyya 	Khidiwiyya 9509	Rasāʾil ikhwān al-ṣafāʾ 	Full?		1279/1862						Catalogue			
Cairo 	Dār al-kutub wa-l-wathāʾiq al-qawmiyya 	Khidiwiyya 9510	Rasāʾil ikhwān al-ṣafāʾ 	Fragment of risāla 14								Catalogue			
Cairo 	Dār al-kutub wa-l-wathāʾiq al-qawmiyya 	Khidiwiyya 9875	Rasāʾil ikhwān al-ṣafāʾ 	Partial (27 rasāʾil)								Catalogue			
Cairo 	Dār al-kutub wa-l-wathāʾiq al-qawmiyya 	Majāmīʿ Taymūr 14/2	Rasāʾil ikhwān al-ṣafāʾ 	Extract in majmūʿa (risala on music)								Saramusik			
Cairo 	Dār al-kutub wa-l-wathāʾiq al-qawmiyya 	Majāmīʿ Taymūr 331		Rasāʾil ikhwān al-ṣafāʾ wa-hidāyā akhdān al-wafāʾ by Shihāb al-Dīn al-Khafājī (d. 1069/1659)								Database			
Cairo 	Dār al-kutub wa-l-wathāʾiq al-qawmiyya 	Mīqāt 122	Rasāʾil ikhwān al-ṣafāʾ 	Extract in majmūʿa (risāla 1)				ca. 1150/1730				Non vidi (King)			
Cairo 	Dār al-kutub wa-l-wathāʾiq al-qawmiyya 	Musṭafā Fāḍil mīqāt 166	Rasāʾil ikhwān al-ṣafāʾ 	Extract in majmūʿa (risāla 3)				ca. 1100/1700				Non vidi (King)			
Cairo 	Dār al-kutub wa-l-wathāʾiq al-qawmiyya 	Ṭalʿat ḥikma 383	Rasāʾil ikhwān al-ṣafāʾ 	Full?				ca. 600/1200				Non vidi (King)			
Calcutta	Asiatic Society	O 2  		Partial (from eleventh risala?)								Catalogue			
Calcutta	Asiatic Society	Ob 12	Mujmal al-ḥikma	First qism only	Persian			12th/18th C				Catalogue			
Calcutta	Asiatic Society	Q 48 787		Extract in majmu'a								Catalogue			
Calcutta	Buhar Library	MS 337	Rasāʾil ikhwān al-ṣafāʾ 	Full				9th/15th C				Catalogue 			
Calcutta	Buhar Library 	Persian MSS No. 207 		Tarjuma-yi Mujmal al-ḥikma				9th/15th C				Catalogue			
Cambridge	King’s	Pote 2	Rasāʾil ikhwān al-ṣafāʾ 	Partial (?)	Arabic			pre-1118AH				Catalogue			
Cambridge	University Library	E.G. Browne 1	Mujmal al-ḥikma	Mujmal al-ḥikmat (Persian)	Persian			before 1302/1885				Catalogue			
Cambridge	University Library	T-S Ar. 40.98	Rasāʾil ikhwān al-ṣafāʾ 	Single folio of epistle 13								Vidi (scan)			
Cambridge	University Library	T-S Ar. 41.23	Rasāʾil ikhwān al-ṣafāʾ 	Single folio of epistle 5				5th/11th century?				Vidi (scan)			
Cambridge	University Library	T-S Ar. 43.276	Rasāʾil ikhwān al-ṣafāʾ 	Single folio of epistle 35 	Judeo-Arabic							Vidi (scan)			
Cambridge	University Library	T-S Ar. 43.279	Rasāʾil ikhwān al-ṣafāʾ 	Single folio of epistle 19 and 21 	Judeo-Arabic							Vidi (scan)			
Copenhagen	Royal Danish Library	Cod. Arab. A.C. 20	Rasāʾil ikhwān al-ṣafāʾ 	Partial (24 epistles, from 2.15 onwards)		1191/1777-8					Muḥammad Maḥmūd Muḥammad Urdī 	Catalogue			
Damascus	National Library	MS 1477	Risālat al-Jāmiʿa					11th/17th C		Tripoli	 ʿAbd al-Razzāq al-Kūkājī al-Ḥamawī	Catalogue	Made for beylerbey		
Damascus	National Library	MS 5637	Rasāʾil ikhwān al-ṣafāʾ 	Partial 	Arabic			at the earliest 1041			Ḥusayn al-Ḥusaynī	Furqan		August 2023	
Damascus	National Library	MS 7374	Risālat al-Jāmiʿa									Catalogue			
Damascus	National Library	MS 9323 	Rasāʾil ikhwān al-ṣafāʾ 	Partial (Fihrist up to 3.10)	Arabic	1199/1785				Qadmus?	Aṣlān b. Ismāʿīl Z-gh-bī	Furqan		August 2023	
Damascus	National Library	MS 9900	Risālat al-Jāmiʿa			1280/1863-4					ʿAbd Allāh Ḥamdūsh & Maḥmūd ʿAlī Sulaymān	Catalogue			
Djerba 	Barounia	452 - 256		Full? (only 91 pages?)								Catalogue			
Dublin 	Chester Beatty	MS 5425		Partial				7th/13th C				Catalogue			
Dushanbe	Academy of Sciences of Tajikistan	MS 361	Mujmal al-ḥikma	Full copy?				12th/18th C			Sayyid 'Ali Mūjānī & Amriyazdān 'Alī Mardān ? 	NLAI			
Edirne	Selimiye	MS 388	Rasāʾil ikhwān al-ṣafāʾ 	Partial (half of qism 1, half of qism 2		602/1205					ʿUmar b. al-Ḥasan al-Tiflīsī 	Vidi (Scan)			
Eton	Eton College Library	Pote 400 (Margoliouth 82)		Mujmal al-ḥikmat (Persian)		1085/1675				India?	Muḥammad ʿAbīd 	Catalogue			
Gotha	Forschungsbibliothek	Ms. orient. A 157	Rasāʾil ikhwān al-ṣafāʾ 	Partial (epistles 1-13)				Before 1134 / 1721-22				Catalogue			
Hamadan	Madrasa-yi Gharb 	MS 402		Mukhtasar (no further info)								Catalogue		June 2023	
Hamadan	Majmū'e Ḥājī Ezadī	MS 13		Mujmal al-ḥikmat (Persian) in majmūʿa		1079/1669						Aghabozorg.ir			
Hyderabad	Oriental Manuscripts Library and Research Center (OMLRI) 	MS 1966	Rasāʾil ikhwān al-ṣafāʾ 	Full?	Arabic							Catalogue			
Hyderabad	Oriental Manuscripts Library and Research Center (OMLRI) 	MS 2252 (likely lithograph)	Urdu translation	Full?	Urdu							Catalogue			
Hyderabad	Oriental Manuscripts Library and Research Center (OMLRI) 	MS 22975 + 22978	Risālat al-jāmiʿa	Full (two volumes)	Arabic							Catalogue			
Hyderabad	Oriental Manuscripts Library and Research Center (OMLRI) 	MS 5864 (likely lithograph)	Urdu translation	Full?	Urdu							Catalogue			
Hyderabad	Salar Jung Museum	MS 41		Full		667/1268						Ali-de-Unzaga			
Hyderabad	State Central Library (Asafiyya)	MS 347 		Persian translation				11th/17th C				Danishpazhuh ed.			
Hyderabad	State Central Library (Asafiyya)	MS 8 (falsafa)		Full		1055/1645						Ali-de-Unzaga			
India?	Dīwān-i Hind (?) 	MS 2225	Mujmal al-ḥikma		Persian	1036/1626-7						Danishpazhuh ed.			
Iran (Tehran?)		Arabic Manuscripts Institute al-Falsafa waʾl-manṭiq al-murattab al-abjādī 492 		Partial?								Non vidi			
Isfahan	K. Alfat-i Iṣfahānī	MS 45		Partial (rasāʾil 1-14)				11th/17th C		Isfahan		NLAI			
Isfahan	K. Markazī Dānishgāh-i Iṣfahān	MS 127		Partial (from risala 14 onwards)				11th/17th C				Catalogue		June 2023	
Isfahan	K. Markazī Dānishgāh-i Iṣfahān	MS 156 (= MS 398)		Single epistle or a summary of one		1288/1871						Catalogue		June 2023	
Isfahan	K. Markazī Dānishgāh-i Iṣfahān	MS 662/3		Mujmal al-ḥikmat (Persian) in majmūʿa				13th/19th C				Catalogue		May 2023	
Istanbul	Köprülü	Fazıl Ahmed Pasha 870	Rasāʾil ikhwān al-ṣafāʾ 	Full		15th C						Vidi (Scan)			
Istanbul	Köprülü	Fazıl Ahmed Pasha 871	Rasāʾil ikhwān al-ṣafāʾ 	Full		820/1417						Vidi (Scan)			
Istanbul	Köprülü	Fazıl Ahmed Pasha 981	Rasāʾil ikhwān al-ṣafāʾ 	Extract in majmūʿa (risala on music)		893/1488						Vidi (Scan)			
Istanbul	Köprülü	Mehmed Asım Bey 709	Rasāʾil ikhwān al-ṣafāʾ 	Extract in majmūʿa (risala hay'a)								Vidi (Scan)			
Istanbul	Ragıp Paşa	Ragıp Pasha 840	Rasāʾil ikhwān al-ṣafāʾ 	Full				12th/18th C?				Vidi (Scan)			
Istanbul	Topkapı Palace Library	6574 Ahmet III 3258/1 	Rasāʾil ikhwān al-ṣafāʾ 	Partial (first vol. of (probably) two)								Catalogue	Bayezid II Seal		
Istanbul	Topkapı Palace Library	6575 Revan Köşk 1062 	Rasāʾil ikhwān al-ṣafāʾ 	Partial (first vol. of (probably) two)		717/1317						Catalogue			
Istanbul	Topkapı Palace Library	6576 E. H. 1684	Rasāʾil ikhwān al-ṣafāʾ 	Full								Catalogue			
Istanbul	Topkapı Palace Library	6577 E. H. 1686 	Rasāʾil ikhwān al-ṣafāʾ 	Full		1161/1748					ʿĀrif b. ʿAlī al-Ḥalabī	Catalogue			
Istanbul	Topkapı Palace Library	6578 Ahmet III 3258/2 	Rasāʾil ikhwān al-ṣafāʾ 	Partial (second qism)								Catalogue	Bayezid II Seal		
Istanbul 	Beyazit	B3948	Rasāʾil ikhwān al-ṣafāʾ 	Full								Vidi (Scan)			
Istanbul 	Beyazit	B4003	Rasāʾil ikhwān al-ṣafāʾ 	Partial (parts of qism 1 and 2)								Vid (Scan)			
Istanbul 	İstanbul Üniversitesi Merkez Kütüphanesi	NEKFY 00401	Mujmal al-ḥikma	Full?	Persian			Before 1125/1713-4				Vidi (Scan)		december 2023	
Istanbul 	Millet Library	34 Ae Arabi 950 	Rasāʾil ikhwān al-ṣafāʾ 	Full?								Yazmalar			
Istanbul 	Millet Library	Feyzullah 2130 and 2131	Rasāʾil ikhwān al-ṣafāʾ 	Full (two volumes)		704/1304					Ali b. Musa b. Umrân	Vidi (Scan)			
Istanbul 	Nuruosmaniye	Nuruosmaniye 2683		?								Vidi (Scan)			
Istanbul 	Nuruosmaniye	Nuruosmaniye 2951		Extract in majmūʿa				12th.18th C		Karbala		Vidi (Scan)			
Istanbul 	Ragıp Paşa	Ragıp Paşa 839	Rasāʾil ikhwān al-ṣafāʾ 	Full								Vidi (Scan)			
Istanbul 	Süleymaniye	Amcazade Hüseyin Paşa 452	Rasāʾil ikhwān al-ṣafāʾ 	Partial (most of qism 1)	Arabic							Vidi (Scan) 			
Istanbul 	Süleymaniye	Atif Efendi 1681	Rasāʾil ikhwān al-ṣafāʾ 	Full	Arabic	578/1182				Shammākhiyya	Mawdūd b. 'Uthmān b. 'Umar al-ṭabīb al-Shirwānī	Vidi (Scan)			
Istanbul 	Süleymaniye	Ayasofya 3768	Rasāʾil ikhwān al-ṣafāʾ 	Partial (qism 3 and 4.	Arabic							Vidi (Scan)			
Istanbul 	Süleymaniye	Carullah 1638	Rasāʾil ikhwān al-ṣafāʾ 	Partial	Arabic							Vidi (Scan)			
Istanbul 	Süleymaniye	Carullah 2107	Rasāʾil ikhwān al-ṣafāʾ 	Partial	Arabic			pre-880AH				Vidi (Scan)			
Istanbul 	Süleymaniye	Carullah 982	Rasāʾil ikhwān al-ṣafāʾ 	Partial	Arabic							Vidi (Scan)			
Istanbul 	Süleymaniye	Esad Efendi 1191		al-Risāla al-ʿayniyya fī al-Ḥikma al-ḥaqīqiyya by al-Bihishtī (d. 749		741/1340-1						Vidi (Scan)			
Istanbul 	Süleymaniye	Esad Efendi 3636 		Extract in majmūʿa (TBC)								Vidi (Scan)			
Istanbul 	Süleymaniye	Esad Efendi 3637	Rasāʾil ikhwān al-ṣafāʾ 	Full	Arabic			7th/13th C				Vidi (Scan)			
Istanbul 	Süleymaniye	Esad Efendi 3638	Rasāʾil ikhwān al-ṣafāʾ 	Full	Arabic	686/1287				Baghdad	Buzurgmihr b. Muḥammad al-Ṭūsī	Vidi (Scan)			
Istanbul 	Süleymaniye	Fatih 3178	Mujmal al-ḥikmat	Full	Persian	645/1247					Abū ʿAbdallāh Muḥammad b. Muḥammad b. ʿAlī al-kātib Ibn al-Khafāf taʿrīfan al-Nakhjuwānī	Vidi (Scan)			
Istanbul 	Süleymaniye	Hamidiye 1440	Rasāʾil ikhwān al-ṣafāʾ 	Extract in majmūʿa (risala fi mahiyyat al-tabi'iyyat)								Vidi (Scan)			
Istanbul 	Süleymaniye	Hamidiye 1444 	Rasāʾil ikhwān al-ṣafāʾ 	Full		1161/1748				Jerusalem	ʿAbdallāh al-Faytānī imam in al-Ṣakhra al-Mashriqa	Vidi (Scan)			
Istanbul 	Süleymaniye	Hazreti Nasuhi Dergahı 189		Personal mukhtasar of Epistles (TBC)								Vidi (Scan)			
Istanbul 	Süleymaniye	Hüsrev Pasha 251	Rasāʾil ikhwān al-ṣafāʾ 	Extract in majmūʿa (risalat al-hay'a)						Maghreb		Vidi (Scan)			
Istanbul 	Süleymaniye	Laleli 3639 	Mukhtaṣar 	By Dāwud al-ṭabīb		1109/1697					Muḥammad b. ʿAbdallāh b. Muḥammad b. Jumʿāʾ al-Hindī.	Vid (Scan)			
Istanbul 	Süleymaniye	şehid Ali Paşa 2785	Rasāʾil ikhwān al-ṣafāʾ 	Partial (eight rasa'il)								Vidi (Scan)			
Istanbul 	Süleymaniye	Yeni Cami 1199	Rasāʾil ikhwān al-ṣafāʾ 	Full		887/1482				Mecca		Vidi (Scan)			
Istanbul 	Topkapı Palace Library	6579 Ahmet III 2128	Rasāʾil ikhwān al-ṣafāʾ 	Partial (third qism)								Catalogue	Bayezid II Seal + 		
Jounieh 	Ordre Basilien Alepin	MS 363	Rasāʾil ikhwān al-ṣafāʾ 	Extracts in Christian (!) majmūʿa				11th/17th C				Vidi (Scan)			
Kabul	Kabul Museum Library 	MS 143 (56)	Rasāʾil ikhwān al-ṣafāʾ 	Full copy?								Catalogue			
Kāshān 	Riḍāwī	MS 70	Mujmal al-ḥikma	Full?				11th/17th C				Catalogue		May 2023	
Kastamonu	İl Halk Kütüphanesi	37 Hk 2190/6 	Rasāʾil ikhwān al-ṣafāʾ 	Full? (but included in majmu'a)		1234/1817				Istanbul	Mehmed Halis b. Ahmed	Vidi (Scanà	Dedicated to Şeyh Ahmet Siyahî Kütüphanesi		
Kayseri	Raşit Efendi Yazma Eser Kütüphanesi	MS 865	Rasāʾil ikhwān al-ṣafāʾ 	Full				mid-9th/15th C		Istanbul?		Vidi (scan)	Dedicated to sultan Mehmed b. Murad		
Kerbala	al-Rawḍa al-Ḥusayniyya Library	389m-9055ḥ	Risālat al-jāmiʿa 	Full?		1037/1627-8					Muḥammad	NLAI			
Kerbala	Dār al-makhṭūṭāt al-ʿataba al-Ḥusayniyya 	MS 5494	Rasāʾil ikhwān al-ṣafāʾ 	Partial (3.8-end)	Arabic							Vidi (Scan)		March 2024	
Khānsār 	Kitābkhāne Fāḍil Khānsārī	MS 221		Single epistle in majmu'a				13th/19th C			Mullā Muḥammad Taqī Golpāygānī	Catalogue		June 2023	
Konya	İzzet Koyunoğlu Şehir Müzesi 	MS Film 960 (?)	Mujmal al-ḥikma	Full copy?								Danishpazhuh ed.			
Konya	Mevlana müzesi	MS 5707	Mujmal al-ḥikma	Full copy?				late 7th/8th C		Saljuq Anatolia		NLAI			
Kuwayt 	Kuwayt University	MS 874	Rasāʾil ikhwān al-ṣafāʾ 	Partial (qism 3 & 4)								Catalogue			
Lahore	Punjab University Library 	Muḥammad Shafīʿ Lahūrī 244/79	Mujmal al-ḥikma		Persian	1014/1605-6					Saʿd Allāh	Danishpazhuh ed.			
Leeds	Leeds University Library	MS 25	Rasāʾil ikhwān al-ṣafāʾ 	Full				late 17th/early18th C				Catalogue			
Leiden	Universiteitsbibliotheek	Or. 444	Rasāʾil ikhwān al-ṣafāʾ 	Partial (Rasāʾil 25-51)								Catalogue			
London	British Library	Add. 9599	Rasāʾil ikhwān al-ṣafāʾ 	27th extract in majmūʿa, in fact attributed to Ibn Sīna		1221/1806						Vidi / ISMI			
London	British Library	IO Islamic 824	Rasāʾil ikhwān al-ṣafāʾ 	Extract in from Risala on Music in Majmu'a		1134/1722				Gujarat?	Aḥmad ibn Sulaymān Ghūjārātī	Vidi (Scan)			
London	British Library	No. 99? (TBC)	Mujmal al-ḥikma	Full?		845/						Danishpazhuh ed.			
London	British Library	Or. 2358-9	Rasāʾil ikhwān al-ṣafāʾ 	Full		1088/1677				India?	Muḥammad ʿAbd al-Raḥmān Buhārī (only 3a-10b of vol. 1)	Vidi / Ali-de-Unzaga			
London	British Library	Or. 4518	Rasāʾil ikhwān al-ṣafāʾ 	Full		1096/1683				Oman? 		Vidi / Ali-de-Unzaga	Endowed by sultan of Oman Ahmad bin Said al-Busaidi (d. 1783)		
London	British Library	Or. 6692	Rasāʾil ikhwān al-ṣafāʾ 	Partial (3.2, 3.6-4.3)		646/1248-9						Vidi			
London	British Library	Or. 8254	Rasāʾil ikhwān al-ṣafāʾ 	Partial (2.7-3.9)		644/1247-8						Vidi			
London	British Library	Or. 8372 	Mujmal al-ḥikmat 	Full		1012/1603-4					Mīr Sohrab b. Jawānī Afandī 	Vidi			
London	Institute of Ismaili Studies 	Hamdani MS 1482 (Handlist 5)	Rasāʾil ikhwān al-ṣafāʾ 	Partial (qism 4)		1126/1714					Ādam b. Mullā Najm Khān b. Aḥmad	Vidi (Scan)			
London	Institute of Ismaili Studies 	Hamdani MS 1483 (Handlist 9) 	Risālat al-jāmiʿa	Volume 2								Vidi (Scan)			
London	Institute of Ismaili Studies 	Hamdani MS 1484 (Handlist 84/1+4) 	Risālat jāmiʿat al-jāmiʿa?	TBC, may not be related								Catalogue			
London	Institute of Ismaili Studies 	Hamdani MS 1541 [Handlist 123]‎	Rasāʾil ikhwān al-ṣafāʾ 	Brief extract in majmūʿa	Arabic							Catalogue		January 2024	https://special-collections.Institute of Ismaili Studies.ac.uk/Details/manuscripts/86
London	Institute of Ismaili Studies 	Hamdani MS 1662 [Handlist 105]‎	Rasāʾil ikhwān al-ṣafāʾ 	Extracts in majmūʿa	Arabic							Catalogue		January 2024	https://special-collections.Institute of Ismaili Studies.ac.uk/Details/manuscripts/154
London	Institute of Ismaili Studies 	MS 1000 	Risālat jāmiʿat al-jāmiʿa	Full copy	Arabic	1271/1854					ʿAbd Allāh b. Muḥammad Ḥamdūsh	Vidi (Scan)			
London	Institute of Ismaili Studies 	MS 1004	Risālat al-jāmiʿa	Partial (Volume 1) 		1378/1958				Burhanpur	Salām Ḥusayn b. Mullā Muḥammad ʿAlī al-Burhānpūrī	Vidi (Scan)			
London	Institute of Ismaili Studies 	MS 1033	Risāla majmūʿa min zubd Ikhwān al-ṣafāʾ	Extract in majmūʿa (TBC)								Catalogue			
London	Institute of Ismaili Studies 	MS 1040 	Rasāʾil ikhwān al-ṣafāʾ 	Partial (first half + part of second half)		953/1546				Iran?	al-Ḥasan b. al-Nuʿmānī al-Ismāʿīlī	Vidi (Scan)			
London	Institute of Ismaili Studies 	MS 206	Rasālah min naẓm Ikhwān al-Ṣafā‎‎‎‎‎’‎ wa-khullān al-wafā‎‎‎‎‎’‎	Extracts and abridgements in majmūʿa	Arabic	1282/1866					Aḥmad Muḥammad al-‎Ḥājj Khādim al-‎‎‘‎Ilm al-Sharīf	Catalogue		January 2024	https://special-collections.Institute of Ismaili Studies.ac.uk/Details/manuscripts/474
London	Institute of Ismaili Studies 	MS 576	Rasāʾil ikhwān al-ṣafāʾ 	Full copy?	Arabic			11th/17th C				Catalogue		January 2024	https://special-collections.Institute of Ismaili Studies.ac.uk/Details/manuscripts/456
London	Institute of Ismaili Studies 	MS 659	Rasāʾil ikhwān al-ṣafāʾ (+ potentially other material?)	Abridgement of some sections of RIS	Arabic							Catalogue		January 2024	https://special-collections.Institute of Ismaili Studies.ac.uk/Details/manuscripts/439
London	Institute of Ismaili Studies 	MS 83 (E)	Rasāʾil ikhwān al-ṣafāʾ 	Partial (Qism 3, risala 1-10)	Arabic			13th/19th C				Catalogue 		January 2024	https://special-collections.iis.ac.uk/Details/manuscripts/1404 
London	Institute of Ismaili Studies 	MS 84 (B)	Rasāʾil ikhwān al-ṣafāʾ 	Partial ("al-juzʾ al-rābiʿ = qism 2, (from?) risala 8)	Arabic	1239/1823				Amrīṭ	Ṭayyib ‘Alī ibn al-Ḥājj Mullā Ibrāhīm-jī Ḥakīm	Catalogue		January 2024	https://special-collections.iis.ac.uk/Details/manuscripts/1401
London	Institute of Ismaili Studies 	MS 85 (C)	Rasāʾil ikhwān al-ṣafāʾ 	Partial (Qism 2, 2.1-2.7)	Arabic	1111/1699					Fāṭimah-jī bint Khān-jī.	Catalogue		January 2024	https://special-collections.iis.ac.uk/Details/manuscripts/1402 
London	Institute of Ismaili Studies 	MS 86 (D)	Rasāʾil ikhwān al-ṣafāʾ 	Partial (Qism 2, 2.9-2.17)	Arabic			12th/18th C				Catalogue		January 2024	https://special-collections.iis.ac.uk/Details/manuscripts/1403 
London	Institute of Ismaili Studies 	MS 87 (G)	Rasāʾil ikhwān al-ṣafāʾ 	Partial (Qism 4, 4.3-4.11)	Arabic	1114/1702					Fāṭimah bint Miyān Khān-jī-bhā’ī	Catalogue		January 2024	https://special-collections.iis.ac.uk/Details/manuscripts/1406
London	Institute of Ismaili Studies 	MS 88 (F)	Rasāʾil ikhwān al-ṣafāʾ 	Partial (Qism 4, 4.1-4.2)	Arabic	1133/1721						Catalogue		January 2024	https://special-collections.iis.ac.uk/Details/manuscripts/1405 
London	Institute of Ismaili Studies 	MS 914	Risālat jāmiʿat al-jāmiʿa	Full copy	Arabic			late 11th/17th C			Miyā Maʾmūjī b. ʿAlī Pāʾīn b. Tājkhān b. Khūj	Vidi (Scan)			
London	Institute of Ismaili Studies 	MS 927	Rasāʾil ikhwān al-ṣafāʾ 	Selections and extracts		1311/1894				Shahjahanpur	Isḥāq b. al-Shaykh al-Fāḍil Sulaymānjī	Vidi (Scan)			
London	Institute of Ismaili Studies 	MSS 992 + 1009	Risālat al-jāmiʿa	Full (2 vols. shelved separately)		1338/1919				India?	Amīn b. ʿAlī al-Kātihyāwārī al-Gādahkarwī	Vidi (Scan)			
London	Institute of Ismaili Studies 	Zāhid Ali MS 1163		Extract in majmūʿa		1294/1877					Faḍl Ali b. Mullā Muḥsin Ali b. Murād Ali	Catalogue			
London	Institute of Ismaili Studies 	Zāhid Ali MS 1264	Risālat al-jāmiʿa	Partial (Volume 2)				mid 13th/19th C			Ismāʿīl b. Mullā Khānbhāʾī 	Vidi (Scan)			
London	Institute of Ismaili Studies 	Zāhid Ali Ms 1277 	Risālat al-jāmiʿa	Partial (Volume 1 + partial vol. 2)				mid 13th/19th C				Vidi (Scan)			
London	Institute of Ismaili Studies 	Zāhid Ali MS 1310	Risālat jāmiʿat al-jāmiʿa	Full copy		1275/1858				India?	Ḥasan ʿAlī Afḍal al-Murād	Vidi (Scan)			
London	Royal Asiatic Society Library	Persian 184	Mujmal al-ḥikma	Full								Catalogue			
London	SOAS Library	MS 45812	Rasāʾil ikhwān al-ṣafāʾ 	Full				11th/17th C				Vidi			
Los Angeles	UCLA	Caro Minasian Collection, box 120, 940		Extracts in majmūʿa						Iran		Catalogue			
Los Angeles	UCLA	Caro Minasian Collection, box 122, 976		Extracts in majmūʿa				12th/17th-18th C		Iran		Catalogue			
Los Angeles	UCLA	M 1434	Mujmal al-ḥikma			1246/1830					Abū Turāb Ḥusaynī Mūsawī 	Catalogue			
Los Angeles	UCLA	M 556	Mujmal al-ḥikma					11th/17th C				Catalogue			
Los Angeles	UCLA	M 77	Persian translation									Catalogue			
Los Angeles	UCLA	Unknown number - 15187?		Possibly not actually Ikhwan-related								Ketabpedia			
Madras	Oriental Manuscripts Library 	MS 150	Rasāʾil ikhwān al-ṣafāʾ 	Full	Arabic							Catalogue			
Madras	Oriental Manuscripts Library 	MS 151	Rasāʾil ikhwān al-ṣafāʾ 	Full	Arabic							Catalogue			
Madras	Oriental Manuscripts Library 	MS 478	Mujmal al-ḥikma	Full	Persian							Catalogue			
Madras	Oriental Manuscripts Library 	MS 879	Mujmal al-ḥikma	Full	Persian							Catalogue			
Madrid 	Escorial	Derenbourg 900	Rasāʾil ikhwān al-ṣafāʾ 	Risāla 22 (2.8)		942/1535-6						Vidi (Scan)			
Madrid 	Escorial	Derenbourg 928 / Casiri 923	Rasāʾil ikhwān al-ṣafāʾ 	Partial (22 first rasāʾil)				before 862/1458		Andalus/Maghrib		Vidi (Scan)			
Madrid 	Escorial	Derenbourg 942 / Casiri 937	Rasāʾil ikhwān al-ṣafāʾ 	Extracts in majmu'a (epistles 13 & 40)		742/1341				Andalus/Maghrib		Vidi (Scan)			
Manchester	John Rylands Library	MS 376	Rasāʾil ikhwān al-ṣafāʾ 	Partial (first qism)				ca. 1750		India?		Catalogue			
Manchester 	John Rylands Library	MS 377	Rasāʾil ikhwān al-ṣafāʾ 	Partial (second qism)				ca. 1780		India?		Catalogue			
Manchester 	John Rylands Library	MS Gaster ar. 174	Rasāʾil ikhwān al-ṣafāʾ 	Geniza fragment epistle on animals								Vidi (scan)			
Manisa	Kitapsaray	MS 2760	Mujmal al-ḥikmat	Full copy?				7th/13th C		Saljuq 		NLAI			
Manisa		Kitapsaray (?) 1705/2	Rasāʾil ikhwān al-ṣafāʾ 	Extract in majmūʿa (risalat al-jughrafiya)				7th/13th C				Vidi (scan)			
Mashhad	Dānishgāh-i IIllāhiyāt (Ferdowsi)	MS 14761	Rasāʾil ikhwān al-ṣafāʾ 	Partial (qism 1 & 2)		1080/1669-70						Catalogue + vidi (scan)		June 2023	Seal of 40th Dawoodi Bohra Dāʿī Hibat Allāh 
Mashhad	Dānishgāh-i IIllāhiyāt (Ferdowsi)	MS 203 (= Mawlawī 2030) 	Rasāʾil ikhwān al-ṣafāʾ 	Partial (13 epistles of qism 1)				8th-9th/14th-15th C 				Catalogue + vidi (scan)		June 2023	
Mashhad	Dānishgāh-i IIllāhiyāt (Ferdowsi)	MS 429	Mujmal al-ḥikmat	Full copy		937/1530						Catalogue + vidi (scan)		May 2023	
Mashhad	Goharshād Mosque Library	MS 1742	Mujmal al-ḥikmat	Full copy	Persian	1038/1629						Catalogue		May 2023	
Mashhad	Goharshād Mosque Library	MS 256	Mujmal al-ḥikmat 	Full copy	Persian			13th/19th C				Catalogue		May 2023	
Mashhad	Ketābkhāne Āstān-i quds-i Rezawi	MS 10479	Mujmal al-ḥikmat	Full copy	Persian	1300/1882-3						Catalogue		May 2023	
Mashhad	Ketābkhāne Āstān-i quds-i Rezawi	MS 402	Persian translation	Full copy?	Persian							Website AQR			
Mashhad	Ketābkhāne Āstān-i quds-i Rezawi	MS 526	Rasāʾil ikhwān al-ṣafāʾ 	Full		1238/1822-3					Aḥmad b. Muḥammad ʿAlī Iṣfahānī	Catalogue		June 2023	
Mashhad	Ketābkhāne Āstān-i quds-i Rezawi	MS 528	Rasāʾil ikhwān al-ṣafāʾ 	Partial (13 of Qism 1, 2 of Qism 3)		1265/1848-9					Rajab ʿAlī b. ʿAbdallāh Iṣfahānī	Catalogue	Copied for prince Imamqoli Mīrzā, ruler of Kermanshāh (r. 1268-92)	June 2023	
Mashhad	Ketābkhāne Āstān-i quds-i Rezawi	MS 529	Rasāʾil ikhwān al-ṣafāʾ 	Partial (2.8-2.17)								Catalogue		June 2023	
Mashhad	Ketābkhāne Āstān-i quds-i Rezawi 	MS 10755	Mujmal al-ḥikmat	Full copy	Persian			11th/17th C				Catalogue		May 2023	
Mashhad	Ketābkhāne Āstān-i quds-i Rezawi 	MS 23432		Extract/summary		1058/1648				Iran		NLAI			
Mashhad	Ketābkhāne Āstān-i quds-i Rezawi 	MS 24175		Mujmal al-ḥikmat (Persian)				10th/16th C				Catalogue		May 2023	
Mashhad	Ketābkhāne Āstān-i quds-i Rezawi 	MS 26338 		Mujmal al-ḥikmat								Catalogue		May 2023	
Mashhad	Ketābkhāne Āstān-i quds-i Rezawi 	MS 27516		Persian translation 				13th/19th C			Moqaddasi b. Nasr ū-Dīgerān	NLAI			
Mashhad	Ketābkhāne Āstān-i quds-i Rezawi 	MS 27804		Full?				12th/18th C				Website AQR		June 2023	
Mashhad	Ketābkhāne Āstān-i quds-i Rezawi 	MS 34773		Persian translation		1263/1846-7						Website AQR		June 2023	
Mashhad	Ketābkhāne Āstān-i quds-i Rezawi 	MS 37654 		Mujmal al-ḥikmat (Persian)				12th/18th C				Webstie AQR		June 2023	
Mashhad	Ketābkhāne Āstān-i quds-i Rezawi 	MS 527	Rasāʾil ikhwān al-ṣafāʾ 	Full 		1097/1685-6					ʿAbdallāh Baḥrānī	Catalogue		June 2023	
Mashhad	Ketābkhāne Āstān-i quds-i Rezawi 	MS 6920	Mujmal al-ḥikmat	Full copy	Persian	1240/1824-5						Catalogue 		May 2023	
Mashhad	Ketābkhāne Āstān-i quds-i Rezawi 	MS 8756	Mujmal al-ḥikmat 	Full copy	Persian	971/1564						Catalogue		May 2023	
Mashhad	Ketābkhāne Āstān-i quds-i Rezawi  	MS 12319		Partial (qism 2)								Catalogue		June 2023	
Mashhad	Ketābkhāne Āstān-i quds-i Rezawi  	MS 13735/2		Extract in majmu'a?		1134/1721-2?						Website AQR		June 2023	
Mashhad	Ketābkhāne Āstān-i quds-i Rezawi  	MS 22759		Partial (beginngin up to 4.3.)								Catalogue		June 2023	
Mashhad	Ketābkhāne Āstān-i quds-i Rezawi  	MS 5500	Mujmal al-ḥikmat	Extract 	Persian							Catalogue		May 2023	
Mashhad	Maktabat Maybadī	MS 334	Mujmal al-ḥikmat	Full copy	Persian			11th/17th C				Catalogue		May 2023	
Mashhad	Shaykh ʿAlī Ḥaydar	MS 1272	Mujmal al-ḥikmat	Full copy	Persian			pre-1278 AH				Catalogue		May 2023	
Maṣyāf	?	?		Risālat jāmiʿat al-jāmiʿa								Non vidi (Tamir)			
Medina	ʿĀrif Ḥikmet Library 	MS 266/3 	Mujmal al-ḥikmat 	Extract (?) in majmūʿa								Danishpazhuh ed.			
Milan	Ambrosiana	& 118 Sup	Rasāʾil ikhwān al-ṣafāʾ 	Extracts in majmūʿa (2.8-2.10)				7th/13th C				Catalogue			
Milan	Ambrosiana	C 93	Rasāʾil ikhwān al-ṣafāʾ + Risālat jāmiʿat al-jāmiʿa	Partial (2.9-2.13 + 1.9) + Risalat Jami'at al-jami'a		1055/1645						Vidi			
Milan	Ambrosiana	MS 1518	Rasāʾil ikhwān al-ṣafāʾ 	Four rasāʾil		795/1392					Muḥammad b. Sulaymān b. Muḥammad al-ʿArjī 	Catalogue			
Milan	Ambrosiana	X 82 sup.	Rasāʾil ikhwān al-ṣafāʾ 	Partial (epistles 1-6)				7th/13th C				Vidi			
Mosul	Madrasa al-Aḥmadiyya	MS 19/4		Extract or fragment								NLAI			
Mumbai	Mulla Firuz Library	Supplement Logic and Philosophy V.1 	Mujmal al-ḥikma	Full? 								Catalogue			
Mumbai	University Library	Fyzee MS 3	Rasāʾil ikhwān al-ṣafāʾ 	Partial (first two aqsām)								Catalogue			
Mumbai	University Library	Fyzee MS 4	Rasāʾil ikhwān al-ṣafāʾ 	Partial (qism 2)								Catalogue			
Mumbai	University Library	Fyzee MS 5	Rasāʾil ikhwān al-ṣafāʾ 	Partial (qism 3)								Catalogue			
Mumbai	University Library	Fyzee MS 6	Rasāʾil ikhwān al-ṣafāʾ 	Partial (qism 4)								Catalogue			
Mumbai	University Library	Fyzee MS 7		Extracts in majmūʿa (rasāʾil 26, 27)								Catalogue			
Mumbai	University Library	Fyzee MS 8	Risālat al-jāmiʿa	Vol. 2 only								Catalogue			
Mumbai	University Library	Fyzee MS 9	Risālat jāmiʿat al-jāmiʿa	Risālat jāmiʿat al-jāmiʿa fī l-ḥaqāʾiq 		1270 / 1854				India?	ʿAbd al-Qādir b. Māmā Jaʿfarjī b. Nūrbhāʾī	Catalogue			
Munich	Bayerische Staatsbibliothek	Cod.arab. 652	Rasāʾil ikhwān al-ṣafāʾ 	Full copy				12th/18th C		Istanbul	Copied for ʿAbd al-Raḥman al-Jabartī 	Vidi (Scan)			
Munich	Bayerische Staatsbibliothek	Cod.arab. 653	Risālat al-Jāmiʿa					pre-1188AH				Vidi (Scan)			
Munich	Bayerische Staatsbibliothek	Cod.arab. 654	Rasāʾil ikhwān al-ṣafāʾ 	Full copy				13th/19th C		Paris?	Michel Sabbâgh	Catalogue			
Munich	Bayerische Staatsbibliothek	Cod.arab. 655	Rasāʾil ikhwān al-ṣafāʾ 	Risāla 21 (case of animals vs. men)						India		Catalogue			
Najaf 	Amīr al-Muʾminīn Library	MS 1404	Mujmal al-ḥikma	Full copy?		1110/1698					Muḥammad Shafīʿ b. Muḥammad Muqayyim Ardakānī	Website		June 2023	
Najaf 	Kāshif al-Ghiṭā’ al-ʿĀmmā	MS 555	Bilingual Persian-Arabic text أجوبة مسائل اخوان الصفا by Kāẓim al-Rashtī (d. 1843)	Potentially unrelated		1237/1821-2					Aḥmad al-Khurāsānī 	NLAI + Library catalogue		dec 2023	
Najaf 	Library of Ayatollah Jaʿfar Baḥr al-ʿUlūm	MS 41	Mujmal al-ḥikma	Full copy?		before 1282/1865-6						Catalogue	Owned by Qajar prince Farhād Mīrzā 		
Najaf 	Madrasa al-Sharabyānī	MS 1	Rasāʾil ikhwān al-ṣafāʾ 	Full 		1245/1829				Isfahan? 	"al-kātib al-iṣfahānī" 	NLAI			
New Haven	Yale Beinecke Library	Arabic MSS 532		Extract in majmūʿa (risāla 11)	Arabic			ca.1800				Catalogue			
New York City	Jewish Theological Seminary	ENA 4193.2-10 (Geniza)		Nine folios from epistle on senses								Vidi (scan)			
New York City	Public Library	V.161/M&A 51871A	Rasāʾil ikhwān al-ṣafāʾ 	Partial (fihrist, Aqsam 1 & 2)	Arabic			8th/14th C (GVDB thinks rather 16th)				Vidi		October 2023	
Oman (Muscat?)	Ministry of Culture	MS 2350	Rasāʾil ikhwān al-ṣafāʾ 	Full copy?								Website			
Oxford	Bodleian	Fraser 180	Rasāʾil ikhwān al-ṣafāʾ 	Extract in majmūʿa								Vidi			
Oxford	Bodleian	Huntington 296	Rasāʾil ikhwān al-ṣafāʾ 	Partial (Aqsām 1-3)								Vidi			
Oxford	Bodleian	Ind. Inst. Arab. 14	Rasāʾil ikhwān al-ṣafāʾ 	Risāla 8 (partial) + Persian glosses		1234-4/1828 				Yerevan?		Vidi			
Oxford	Bodleian	Laud Or. 255	Rasāʾil ikhwān al-ṣafāʾ 	Full		803? 						Vidi	Owned by al-Taqawī (see Benedikt Reier)		
Oxford	Bodleian	Laud Or. 260	Rasāʾil ikhwān al-ṣafāʾ 	Full		968/1560					al-Qadīr Aḥmad b. ʿAlī al-Saʿūdī 	Vidi			
Oxford	Bodleian	Marsh 189	Rasāʾil ikhwān al-ṣafāʾ 	Full		981/1574						Vidi			
Oxford	Bodleian	Marsh 502	Risālat al-Jāmiʿa	Partial								Vidi			
Oxford	Bodleian	Marsh 524 	Rasāʾil ikhwān al-ṣafāʾ 	Extract in majmūʿa (Three Rasāʾil)				9th/15th C		Mecca?		Vidi			
Oxford	Bodleian	Pococke 178	Rasāʾil ikhwān al-ṣafāʾ 	Partial (Part 2)		1541 CE?					Jirjis al-ḥakīm	Vidi			
Oxford	Bodleian	Pococke 261	Rasāʾil ikhwān al-ṣafāʾ 	Partial (Aqsām 3-4)								Vidi			
Oxford	Bodleian	Pococke 342	Rasāʾil ikhwān al-ṣafāʾ 	Partial (Rasāʾil 32-51)								Vidi			
Oxford	Bodleian	S. Digby Or. 109 	Mujmal al-ḥikma	Full		1095/1684						Vidi			
Paris	Bibliothèque nationale de France	Arabe 2303	Rasāʾil ikhwān al-ṣafāʾ 	Full		1020/1611						Vidi (Scan)			
Paris	Bibliothèque nationale de France	Arabe 2304	Rasāʾil ikhwān al-ṣafāʾ 	Full		1065/1654				Cairo?	Ḥasan b. ʿAlī b. ʿAlī al-Azharī al-Nashratī	Vidi (Scan)			
Paris	Bibliothèque nationale de France	Arabe 2305	Rasāʾil ikhwān al-ṣafāʾ 	Full		1153/1740					Muḥammad b. ʿĪsā b. Ibrāhīm al-Kūrānī al-Ḥusaynī	Vidi (Scan)			
Paris	Bibliothèque nationale de France	Arabe 2306	Risālat al-Jāmiʿa	Partial (vol. 1)								Vidi (Scan)			
Paris	Bibliothèque nationale de France	Arabe 2307	Rasāʾil ikhwān al-ṣafāʾ 	Extract in majmūʿa				11th/17th C				Vidi (Scan)			
Paris	Bibliothèque nationale de France	Arabe 2308	Rasāʾil ikhwān al-ṣafāʾ 	Single risāla 5 (1.5)								Vidi (Scan)			
Paris	Bibliothèque nationale de France	Arabe 2309	Rasāʾil ikhwān al-ṣafāʾ + Risālat al-Jāmiʿa	Three rasāʾil + RJ extracts 						Maṣyaf?		Vidi (Scan)			
Paris	Bibliothèque nationale de France	Arabe 2341-2344	Rasāʾil ikhwān al-ṣafāʾ 	Full (four MS vols.)		1228/1813						Vidi (Scan)			
Paris	Bibliothèque nationale de France	Arabe 4663	Rasāʾil ikhwān al-ṣafāʾ 	Extract in majmūʿa								Vidi (Scan)			
Paris	Bibliothèque nationale de France	Arabe 6000	Rasāʾil ikhwān al-ṣafāʾ 	Partial (Eight first epistles)								Vidi (Scan)			
Paris	Bibliothèque nationale de France	Arabe 6647-6648	Rasāʾil ikhwān al-ṣafāʾ 	Full (two-volume set)				7th/13th C		Yazd		Vidi (Scan)			
Paris	Bibliothèque nationale de France	Persan 131	Mujmal al-ḥikma	Full	Persian	844/1440						Vidi (Scan)			
Paris	Bibliothèque nationale de France	Persan 162	Mujmal al-ḥikma	Extract (?) in majmūʿa	Persian	848/1444					Šāhīn b. ʿAbd al-Raḥman al-Muḥarrir	Vidi (Scan)			
Paris	Bibliothèque nationale de France	Supplément Persan 322	Mujmal al-ḥikma	Full	Persian	924/1518					Fakhr al-Dīn b. Muḥammad al-Khunjī 	Danishpazhuh ed.			
Patna 	Khuda Bakhsh Oriental Public Library	2222 (NLAI says 2962)	Rasāʾil ikhwān al-ṣafāʾ 	Full? 		1190/1776						Catalogue + NLAI			
Princeton	Princeton University Library	Garett 189Lq	Rasāʾil ikhwān al-ṣafāʾ 	Partial (first ten rasāʾil)		1127/1715					ʻAbd al-Qādir ibn Ṣafāy Chalabī ibn Ṭāhā	Catalogue			
Princeton	Princeton University Library	Garrett 4263Y	Rasāʾil ikhwān al-ṣafāʾ 	Partial (1.1-1.13; 4.8-4.9)		958/1551				Damascus	al-Bakrī al-Dhabāḥ	Vidi (scan)			
Princeton	Princeton University Library	Garrett no. 52B	Rasāʾil ikhwān al-ṣafāʾ 	Extracts in majmūʿa				12th/18th C		Iran?		Catalogue			
Princeton	Princeton University Library	Garrett no. 832Y	Rasāʾil ikhwān al-ṣafāʾ 	Extracts in majmūʿa				17th or 18th C		Iran?		Catalogue			
Princeton	Princeton University Library	New Series no. 192	Mujmal al-ḥikma	Full	Persian					Iran?		Catalogue			
Princeton	Princeton University Library	New Series no. 2005	Rasāʾil ikhwān al-ṣafāʾ 	Extracts in majmūʿa				11th/17th C		Iran?		Catalogue			
Princeton	Princeton University Library	New Series no. 418	Rasāʾil ikhwān al-ṣafāʾ 	Extracts in majmūʿa						Iran?		Catalogue			
Princeton	Princeton University Library	New Series no. 459	Rasāʾil ikhwān al-ṣafāʾ 	Extracts in majmūʿa		1104/1693 				Iran?		Catalogue			
Qadmūs	?	?	Risālat jāmiʿat al-jāmiʿa	Full copy?								Non vidi (Tamir)			
Qazwīn	Imām Ṣādiq	MS 276 	Mujmal al-ḥikmat  	Partial copy	Persian							Catalogue		May 2023	
Qom	Golpāygānī 	MS ۶۸۵۱-۳۵/۳۱	Rasāʾil ikhwān al-ṣafāʾ 	Full copy		1233/1818					Muḥammad Bāqir b. Muḥammad Ḥusayn Muḥammad Ābādī Jarqawiyya Iṣfahānī	Catalogue		June 2023	
Qom	Markaz-i iḥyāʾ-i mīrāth	MS 353 		Persian translation (acephalous)				11th/17th C		Iran?		NLAI			
Qom	Marʿashī Library	MS 12456 		Mujmal al-ḥikmat (Persian)		1085/1674-5						Catalogue		May 2023	
Qom	Marʿashī Library	MS 13421	Versified abridgement of some rasāʾil	 by Fayḍ Kāshānī				late 11th/17th C		Iran		NLAI			
Qom	Marʿashī Library	MS 16163		Mujmal al-ḥikmat (Persian), partial				12th/18th C				Catalogue		May 2023	
Qom	Marʿashī Library	MS 3716/3		Persian extract in majmu'a		1097/1685-6				Iran	Ṣadr al-Dīn Muḥammad Ḥusaynī 	Catalogue		June 2023	
Qom	Marʿashī Library	MS 5300	Rasāʾil ikhwān al-ṣafāʾ 	Full copy 				11th/17th C				Catalogue		June 2023	
Qom	Marʿashī Library	MS 7568	Risālat al-Jāmiʿa	Full copy?				11th/17th C				NLAI			
Qom	Marʿashī Library	MS 7869-7870	Rasāʾil ikhwān al-ṣafāʾ 	Full copy (two volumes)		848/1444					Maḥmūd b. Dawlatkhān Wāhiyāri Dakkawī (only noted on 7870)	Catalogue		June 2023	
Qom	Marʿashī Library	MS13660/1		Mujmal al-ḥikmat (Persian) in majmūʿa		1071/1660				Bastam	Muḥsin b. Muḥammad Bāyazīd Bisṭāmī	Catalogue		May 2023	
Qom	Masjid-i Aʿẓam	MS 1397 		Mujmal al-ḥikmat (Persian) 				pre-1198 AH				Catalogue		May 2023	
Qom	Masjid-i Aʿẓam	MS 1830 		Mujmal al-ḥikmat (Persian) 								Catalogue		May 2023	
Qom 	Golpāygānī	MS ۲۵/۱۴۶-۵۰۵۶/۱۱		Mujmal al-ḥikmat (Persian)				13th/19th C				Catalogue		May 2023	
Qom 	Golpāygānī	MS 4/174-704		Mujmal al-ḥikmat (Persian)				11th/17th C				Catalogue		May 2023	
Qom 	Golpāygānī 	MS ۵۸۷/۲-۴/۵۷	Risālat al-Jāmiʿa	Full copy?							Muḥammad ʿAlī Ḥusaynī	Catalogue		June 2023	
Rabat 	Bibliothèque nationale du royaume de Maroc	K 365	Rasāʾil ikhwān al-ṣafāʾ 	Partial (qism one)		619/1222				Konya	Ismāʿīl b. ʿUmar b. Badl al-khaṭīb al-D-m-7-rqani	Vidi (scan)			
Rampur	Raza Library	3473/651 D.	Rasāʾil ikhwān al-ṣafāʾ 	Full				10th/16th C				Catalogue			
Rampur	Raza Library	3474/19 M.	Rasāʾil ikhwān al-ṣafāʾ 	Full				11th/17th C				Catalogue			
Rampur	Raza Library	3475/330D. 	Rasāʾil ikhwān al-ṣafāʾ 	Partial (qism 1)		1140/1727						Catalogue			
Riyadh	King Faisal Center	MS 00019	Rasāʾil ikhwān al-ṣafāʾ 	Partial		1054/1644					Aḥmad b. Sharaf al-Dīn	Website	Copied for wālī Ḥasan Bāshā		
Riyadh	King Faisal Center	MS 00020 	Rasāʾil ikhwān al-ṣafāʾ 	Partial				11th/17th C				Website			
Riyadh	King Faisal Center	MS 2674	Rasāʾil ikhwān al-ṣafāʾ 	?	Arabic	1289/1872				Acre		Furqan		August 2023	
Riyadh 	Maktabat Muḥammad b. ʿAbd al-Raḥmān al-ʿUbaykān	MS 92	Rasāʾil ikhwān al-ṣafāʾ (?)	?	Arabic	1245/1829					Manṣūr b. Anwar ʿAlī 	Furqan		August 2023	
Salamiyya	?	?	Risālat jāmiʿat al-jāmiʿa	Full? 								Non vidi (Tamir)	Possibly same as below		
Salamiyya	Private amir library	MS (no number)	Risālat jāmiʿat al-jāmiʿa	Full? 		1241/1825						Non vidi (Saliba)	Possibly same as above		
Salamiyya	Private collection	?	Risālat jāmiʿat al-jāmiʿa	Full? 		1349/1930					Ibrāhim Qāsim Aḥmad ‘Aṭiyya	Semi-vidi (Kacimi repro)			
Sanaa	Dār al-Makhṭūṭāt wa-l-Maktabat al-Gharbiyya bi-l-Jāmiʿ al-Kabīr MS 2202	MS 2202	Rasāʾil ikhwān al-ṣafāʾ 	Partial copy (qism 4, 14 epistles)	Arabic	1292/1875					Yaḥyā b. Muḥammad	Furqan		August 2023	
Shiraz	National Library 	MS 110	Mujmal al-ḥikmat 	Partial copy (acephalous MS)	Persian							Danishpazhuh ed.			
Shiraz	ʿAlāma Ṭabāṭabāʾī	MS 1261	Mujmal al-ḥikmat 	Full?	Persian							Catalogue		May 2023	
Shiraz	ʿAlāma Ṭabāṭabāʾī	MS 1262	Mujmal al-ḥikmat  	Full?	Persian							Catalogue		May 2023	
St. Petersburg	National Library of Russia	Arabic Manuscripts B 1029		? (contains Astrolabe risala)								ISMI Website			
St. Petersburg	National Library of Russia	Firkovich Yevr.-Arab I 3145	Rasāʾil ikhwān al-ṣafāʾ 	Fragment of Risāla on Magic (52b) in Judeo-Arabic				7th-8th/13th-14th C		Cairo?		Ehud Krinis			
St. Petersburg	National Library of Russia	Firkovich Yevr.-Arab II 1193, 55, 1060, 448 & Yevr-Arab 1213	Risālat al-Jāmiʿa	51 pages in Judeo-Arabic				Before 16th C		Cairo?		Ehud Krinis			
Tabriz	Central University Library	MS 561	Risālat al-Jāmiʿa	Full?		1307/1889-90						NLAI			
Tabriz	Edebiyat University Library	MS 8	Risālat al-Jāmiʿa	Full?		1037/1627						NLAI			
Tabriz	Khādim Ḥusaynī	MS 30	Rasāʾil ikhwān al-ṣafāʾ 	Partial		670/1271-2						Catalogue		June 2023	
Tabriz	National Library	MS 3409		Persian translation of one risala	Persian	1057/1647				Bandar al-Sūriyyeh (?)	Mu'izz al-Din Mu'izz al-Mulk	Catalogue		June 2023	
Tashkent 	Biruni Institute	13236/4 and 5	Mujmal al-ḥikma	Extracts in majmu'a	Persian	1269/1852-53					اوراض على مخذوم بن صفا مخذوم گورلانلی	http://scam.beruni.uz/scam/items/19638		november 2022	
Tashkent 	Biruni Institute	MS 560	Rasāʾil ikhwān al-ṣafāʾ 	Partial (3.13-end?)		637/1240					Muḥammad b. Masʿūd b. Aḥmad al-Bukhārī 	http://scam.beruni.uz/scam/items/1344		november 2022	
Tbilisi	Georgian National Center of Manuscripts	Oriental Collection MS 54 	Mujmal al-ḥikma	Full?	Persian	1031/1621-2						edition + potentially image on http://astronomicalmanuscripts.ge/persian%20manuscripts.html		June 2023	
Tehran	Dā’irat al-maʿārif-i buzurg-i islāmī 	MS 113 		Mujmal al-ḥikma		1059/1649						Catalogue			
Tehran	Dā’irat al-maʿārif-i buzurg-i islāmī 	MS 1662 ʿaksī 		Full, but may be a microfilm		1075/1664						Catalogue			
Tehran	Dā’irat al-maʿārif-i buzurg-i islāmī 	MS 1700	Risālat al-Jāmiʿa	Full copy?		684/1285					Muḥammad b. Muḥammad al-muṭabbib al-Dimashqī 	NLAI			
Tehran	Dā’irat al-maʿārif-i buzurg-i islāmī 	MS 80/10 		Mujmal al-ḥikma		1279/1862-3					Kāẓim b. Āghā Kūchik Khāmūsh Iṣfahānī 	Catalogue			
Tehran	Dā’irat al-maʿārif-i buzurg-i islāmī 	MS 823 ʿaksī 		Full, but may be a microfilm				7th/13th C				NLAI			
Tehran	Dānishgāh-i Adabiyyat Library	MS 120 D		Mujmal al-hikmat (Persian) 		1046/1636					Muḥammad Rabīʿ b. ʿĀrif Fīrūzābādī 	Catalogue		June 2023	
Tehran	Dānishgāh-i Adabiyyat Library	MS 78/16 J		Extract in majmūʿa		1063/1652						NLAI			
Tehran	Dānishgāh-i Adabiyyat Library 	336/7 ḥikmat		Extract in majmūʿa (11th risala)		1276/1860				Tehran		Catalogue		June 2023	
Tehran	Doctor Yūsuf Nīrī (private library?)	?	Mujmal al-ḥikmat	Full?	Persian							Danishpazhuh ed.			
Tehran	Fakhr al-Dīn Naṣīrī (private library?)	MS 324	Mujmal al-ḥikmat	Full?	Persian	1048/1638-9						Danishpazhuh ed.			
Tehran	Golestan	MS 189/2	Mujmal al-ḥikma	Full?	Persian	1056/1642						Danishpazhuh ed.			
Tehran	K. Markazī Dānishgāh-i Tehrān	MS 1113/16		Mujmal al-ḥikmat in majmu'a								Catalogue		May 2023	
Tehran	K. Markazī Dānishgāh-i Tehrān	MS 1155 		Full copy		968/1561				Cairo	Muḥammad b. Muḥammad b. Bahāʾ al-Dīn Anṣārī Hawī	Catalogue		June 2023	
Tehran	K. Markazī Dānishgāh-i Tehrān	MS 2271/5		Mujmal al-ḥikmat in majmu'a		1270/1853-4						Catalogue		May 2023	
Tehran	K. Markazī Dānishgāh-i Tehrān	MS 302/1		Mujmal al-ḥikmat in majmu'a		1111/1700					Muḥammad Kāẓim b. Muḥammad Ḥusayn Ḥusaynī Maḥallātī	Catalogue		May 2023	
Tehran	K. Markazī Dānishgāh-i Tehrān	MS 3444	Persian translation	Full copy?		1031/1622									
Tehran	K. Markazī Dānishgāh-i Tehrān	MS 3708/2		Extract in majmūʿa		1009/1600				Jabal Kara (Hijaz)		Catalogue		June 2023	
Tehran	K. Markazī Dānishgāh-i Tehrān	MS 43/643 F 		Extract in majmūʿa								NLAI			
Tehran	K. Markazī Dānishgāh-i Tehrān	MS 6360/2		Extract in Persian in majmu'a		992/1584					Bahāʾ al-Dīn Sharīf Āmilī 	Aghabozorg.ir	Donated to Shāh 'Abbas when stil prince		
Tehran	K. Markazī Dānishgāh-i Tehrān	MS 7485 		Partial (qism 2)		1129/1717						Catalogue		June 2023	
Tehran	K. Markazī Dānishgāh-i Tehrān	MS 7581 		Extract in majmu'a								aghabozorg.ir			
Tehran	K. Markazī Dānishgāh-i Tehrān	MS 7624/8 		Excerpts from Mujmal al-ḥikmat 		1245/1829-30					Muḥammad Walī b. Ḥusayn Ḥājīlrī Astarābādī 	Catalogue 		May 2023	
Tehran	K. Markazī Dānishgāh-i Tehrān	MS 8340		Mujmal al-ḥikmat 		1073/1662				Mashhad	ʿAbdallāh b. Muḥammad Taqī 	Catalogue		May 2023	
Tehran	K. Miftāḥ	MS 1354	Mujmal al-ḥikmat	Full?								Danishpazhuh ed.			
Tehran	K. Miftāḥ	MS 463	Mujmal al-ḥikmat	Full?				11th/17th C				Catalogue		May 2023	
Tehran	K. Sulṭanatī	MS 189/2		Mujmal al-ḥikmat (Persian) partial				before 1055				Catalogue		May 2023	
Tehran	Lughat Nāme Dehkhodā	MS 166 	Risālat al-Jāmiʿa	Full copy?		678? (or 10th-11th C)				Konya?		Catalogue		June 2023	
Tehran	Lughat Nāme Dehkhodā	MS 214/2 (or 21?) 		Mujmal al-ḥikmat (Persian)				late 12th/18th C			Luṭf ʿAlī b. ʿAbdallāh b. Luṭf ʿAlī Sāwjī	Catalogue		May 2023	
Tehran	Mahdawi	MS 271/1		Mujmal al-ḥikmat in majmu'a		1273/1856						Catalogue			
Tehran	Mahdawi	MS 417		Partial (most of qism 1)				10th or 11th C							
Tehran	Mahdawi	MS 7437		Full?		640/1242				Shahrabad? 		Non vidi (Institute of Ismaili Studies)			
Tehran	Mahdawi	MS 851		Partial (first qism)				11th/17th C				Catalogue			
Tehran	Majlis-i Shūrā Library	MS 10190/9		Extract in majmuʾa 		1019/1610-11						Catalogue			
Tehran	Majlis-i Shūrā Library	MS 112	Mujmal al-ḥikma	Mujmal al-ḥikmat (Persian), incomplete		667/1268-9				Hari, near Rudbar		Catalogue		May 2023	
Tehran	Majlis-i Shūrā Library	MS 11292/13		Mujmal al-hikmat (Persian)		1082-3/1671-3						Catalogue			
Tehran	Majlis-i Shūrā Library	MS 12574/3 		Mujmal al-hikmat partial (3 epistles) in majmu'a								Catalogue			
Tehran	Majlis-i Shūrā Library	MS 1278 Ṭ		Full		1208/1793-4					Mīrzā Ḥusayn b. Aḥmad Kurjī	Catalogue			
Tehran	Majlis-i Shūrā Library	MS 15232/25		Muntakhab rasāʾil Ikhwān al-ṣafāʾ by Muẓaffar Ḥusayn b. Muḥammad Amīn Kāshānī		1035/1626				Isfahan		NLAI			
Tehran	Majlis-i Shūrā Library	MS 1555		Full		968/1561						Ali-de-Unzaga			
Tehran	Majlis-i Shūrā Library	MS 2097	Mujmal al-ḥikma	Mujmal al-ḥikmat (Persian)		1062/1652					ʿAlī Khān b. ʿAlī Bayk	Catalogue			
Tehran	Majlis-i Shūrā Library	MS 2098	Mujmal al-ḥikma	Mujmal al-ḥikmat (Persian)		1112/1701						Catalogue			
Tehran	Majlis-i Shūrā Library	MS 2361 Sh		Extracts in majmūʿa (2 aqsam?)		1302/1884-5						Aghabozorg.ir			
Tehran	Majlis-i Shūrā Library	MS 278/41s		Extract in majmuʾa (Persian)				11th/17th C				Vidi (scan)			
Tehran	Majlis-i Shūrā Library	MS 3251	Mujmal al-ḥikma	Mujmal al-ḥikmat (Persian)		1244/1824						Catalogue			
Tehran	Majlis-i Shūrā Library	MS 4708		Full copy		686/1287				Baghdad	Khalīl b. Yūsuf b. Salār b. ʿAlī	Vidi (MALECSO scan)			
Tehran	Majlis-i Shūrā Library	MS 4868/19-20	Mujmal al-ḥikma	Extracts in majmūʿa				13th/19th C				Danishpazhuh ed			
Tehran	Majlis-i Shūrā Library	MS 5255		Partial (10 rasail, start 2.11 end 4.5)		607/1210						Aghabozorg.ir			
Tehran	Majlis-i Shūrā Library	MS 6523/3		Extracts in majmūʿa (Persian)								Catalogue		June 2023	
Tehran	Majlis-i Shūrā Library	MS 6895/1		Mujmal al-hikmat (Persian)				12th/18th C				Catalogue			
Tehran	Majlis-i Shūrā Library	MS 9040		Mujmal al-hikmat (Persian)				11th/17th C				Catalogue			
Tehran	Majlis-i Shūrā Library 	MS 1358/1		Single risala, but potentially not from Rasa'il								Catalogue			
Tehran	Majmuʿa-yi Ḥusayn Miftāḥ	MS 477 		One epistle in majmu'a				13th/19th C				Aghabozorg.ir			
Tehran	Malik Library  	MS  1485		Full?		1073/1662-3						Vidi (partial scan)			
Tehran	Malik Library  	MS  2295		Mujmal al-hikmat (Persian)				11th/17th C				Vidi (partial scan)			
Tehran	Malik Library  	MS  3454/2		Extract in majmuʾa (Persian)		1085/1674-5						Catalogue			
Tehran	Malik Library  	MS  4027/17		Extracts in majmuʾa (Persian)				12th/18th C				Catalogue			
Tehran	Malik Library  	MS  4193/7		Extract in majmuʾa (Persian)		1276/1859						Vidi (partial scan)			
Tehran	Malik Library  	MS  4253/7		Extract in majmuʾa (Persian)		1059/1649					Muḥammad Kāẓim Iṣfahānī 	Catalogue			
Tehran	Malik Library  	MS  4453/12		Partial Persian translation (qism 1 & 2) in majmu'a		1224/1809				Tehran		NLAI			
Tehran	Malik Library  	MS  5439	Risālat al-Jāmiʿa	Full copy?		596/1200						Vidi (partial scan)			
Tehran	Malik Library  	MS 1056/1		Mujmal al-hikmat (Persian)		667/1268						Catalogue			
Tehran	Malik Library  	MS 1197		Mujmal al-hikmat (Persian)				11th/17th C				Catalogue			
Tehran	Malik Library  	MS 1280	Risālat al-Jāmiʿa	Full copy?				9th/15th C				NLAI			
Tehran	Malik Library  	MS 1477													
Tehran	Malik Library  	MS 457		Mujmal al-hikmat (Persian)				10th/16th C				Website			
Tehran	Malik Library  	MS 822/1		Mujmal al-hikmat (Persian)				before 719				Catalogue			
Tehran	Marawi Madrasa Library	MS 406		Full?				11th/17th C				Catalogue		June 2023	
Tehran	Mu’assasat-i Matali’a-yi Islami	MS 132	Mujmal al-ḥikmat	Full? 		1071/1661						Catalogue		June 2023	
Tehran	Mujtabā Maynawī  	MS 151		Partial copy (1.2-4.9)				9th-10th/15th-16th C				Catalogue		June 2023	
Tehran	National Library	MS 1226		Full copy?		1278/1861-2				Isfahan		Catalogue	Copied for ʿAbbāsqulīkhān Nūrī		
Tehran	National Library	MS 18255		Mujmal al-ḥikma		1079/1668-9						Catalogue			
Tehran	National Library	MS 2122 (or 392)		Mujmal al-ḥikmat (Persian)		1072/1662						Catalogue			
Tehran	National Library	MS 783-784		Full (two vols.)				12th/18th C? 				Catalogue			
Tehran	National Library 	MS 550 		Partial (qism 1)				13th/19th C				Catalogue			
Tehran	Nūrbakhsh Library	MS 209/1 		Partial Persian translation in majmūʿa		1071/1660-1						Catalogue		June 2023	
Tehran	Sepahsalar Madrasa	MS 2789 		Mujmal al-ḥikmat (Persian)		1049/1639					Faraj Allāh b. Muḥammad Aḥwīzāwī (or ḥawīzī, or ḥuwayzī)	Catalogue		June 2023	
Tehran	Sepahsalar Madrasa	MS 2790/1		Persian translation (multiple hands)		1047/1638					Mullah Burhan bin Mullah Mohammad Khan Rashti; Taj al-Din Hassan Hosseini; Hakim Hussein bin Hakim Noureddin bin Hakim Ali Nourbakhshi Maliki Gilani Dailami 	Catalogue		June 2023	
Tehran	Sepahsalar Madrasa	MS 5791/2		Mujmal al-ḥikmat (Persian)				11th/17th C				Catalogue			
Tehran	Sepahsalar Madrasa	MS 6555/1 		Persian translation							Hāshim b. Ḥusayn ʿ Amīd	Catalogue		June 2023	
Tehran	Tehran University Ilahiyāt 108	MS 108 (J)		Mujmal al-ḥikmat (Persian) partial				11th or 12th C				Catalogue		May 2023	
Tehran	Tehran University Ilahiyāt 109	MS 109 (J)		Mujmal al-ḥikmat (Persian) partial				11th or 12th C				Catalogue		May 2023	
Tehran 	Dā’irat al-maʿārif-i buzurg-i islāmī 	MS 1847 ʿaksī		Mujmal al-hikmat (Persian) (microfilm?)				10th-11th/16th-17th C				Catalogue			
Tehran 	Dānishgāh-i Adabiyyat Library	MS 29/90 D 		Extract in majmūʿa		700/1300-1						Catalogue		June 2023	
Tehran 	K. Markazī Dānishgāh-i Tehrān	MS 5595		Persian translation of one risala		1277/1860					Translator: Mīrzā Aḥmad Waqār  	Aghabozorg.ir	Donated to Nāṣir al-Dīn Shāh		
Tehran 	K. Markazī Dānishgāh-i Tehrān	MS 5638/1		Mujmal al-ḥikmat 		1260/1844						Catalogue		May 2023	
Tehran 	Majlis-i Shūrā Library	MS 104 (5412)		Persian translation		907/1501						Vidi (scan) + Catalogue		June 2023	
Tehran 	Majlis-i Shūrā Library	MS 166		Mujmal al-hikmat (Persian)				11th/17th C				Vidi (scan)			
Tehran 	Majlis-i Shūrā Library	MS 1829	Risālat al-Jāmiʿa	Full copy?				12th/18th C				NLAI			
Tehran 	Majlis-i Shūrā Library	MS 1831		Partial (4.1-4.5)		621/1224-5					Mubārak Pesar ʿAbdallāh ghulām Najīb al-Dīn Mazīdī 	Catalogue		June 2023	
Tehran 	Majlis-i Shūrā Library	MS 5224		Mujmal al-ḥikmat (Persian)		1072/1662				Mashhad	Muḥammad Taqī	Catalogue			
Tehran 	National Library	MS 15839		Mujmal al-ḥikma				12th/18th C				Catalogue			
Tehran 	National Library	MS 8645	Risālat al-Jāmiʿa	Full copy?		1063/1653						NLAI			
Tehran 		Anjumān-e āthār ve-mafākhir-i farhangī 100		Mujmal al-ḥikmat (Persian)								Catalogue		May 2023	
Tehran?	?	? 13677		Extracts in majmūʿa 				11th/17th C				Aghabozorg.ir			
Tehran?	?	? 15276		Extracts in majmūʿa 		1111/1699					Ḍiyāʾ al-Dīn D-rī	Aghabozorg.ir			
Tonk	Rajasthan Arabic and Persian Research Institute	MS 1844		"Risala Ikhwan us-Safa" attrubuted to Ahmad b. Muhammad								Catalogue			
Toronto 	Birnbaum	58 / A2 		Partial				ca. early 18th C				Catalogue			
Tübingen	Universitätsbibliothek	Ma VI 86	Risālat al-Jāmiʿa	Full copy		611/1215						Vidi (Scan)			
Tübingen	Universitätsbibliothek	Ma VI 90	Rasāʾil ikhwān al-ṣafāʾ 	Extract in majmūʿa (Section on “awliyāʾ Allāh”)				9th/15th C				Vidi (Scan)			
Turin	University Library	Kahle 179 (No. 220/II (o.i. no. 353/II)		Turkish translation of qism 3 in majmu'a				late 13th/19th C				Catalogue			
Unknown	Christies 	2001 Live Auction 6428 - Lot 56	Rasāʾil ikhwān al-ṣafāʾ 	Partial				ca. 17th C		Iran? 		Website			
Unknown	Piasa	Rares manuscrits orientaux chrétiens et islamiques - Lot H	Rasāʾil ikhwān al-ṣafāʾ 	Partial? Only 186 folios	Arabic			7th/13th C		Syria?		Schoenberg database		February 2024	https://sdbm.library.upenn.edu/entries/31204
Unknown	Sotheby's	Arts of the Islamic World 2008 - Lot 28		Fragment? (40 leaves) - mukhtasar? 		711/1311					Muhammad ibn Ahmad al-Isfara'ini	Website		February 2024	https://www.sothebys.com/en/auctions/ecatalogue/2008/arts-of-the-islamic-world-l08220/lot.28.html?locale=en
Unknown	Sotheby's	Arts of the Islamic World 2010 - Lot 39	Rasāʾil ikhwān al-ṣafāʾ 	Extract in majmūʿa	Arabic			10th/16th C				Schoenberg database		February 2024	https://sdbm.library.upenn.edu/entries/185035
Unknown	Sotheby's	Arts of the Islamic World 2016 - Lot 35	Rasāʾil ikhwān al-ṣafāʾ 	Partial (qism 1)				ca. 14th C				Website			
Unknown	Sotheby's	Arts of the Islamic World 2017 - Lot 27	Rasāʾil ikhwān al-ṣafāʾ 	Partial (half of qism 3 + qism 4)		683/1284				Anatolia?	Muḥammad b. ʿUmar b. Muḥammad al-Khāzin al-Tustari	Website			
Unknown	Sotheby's	Arts of the Islamic World 2018 - Lot 38	Rasāʾil ikhwān al-ṣafāʾ 	Partial (qism 1)				17th/18th C		India?	Yadullah-bakhsh (?) ibn Mulla 'Abd al-Qadir	Website			
Unknown	Sotheby's	Arts of the Islamic World 2023 - Lot 22	Rasāʾil ikhwān al-ṣafāʾ 	Full copy	Arabic	1042/1633				Mashhad?	Muḥammad Bāqir b. Ḥajjī Muḥammad al-Ḥāfiẓ	Website	Copied for Abū al-Fatḥ Manuchihr Khān (d. 1636)	October 2023	
Uppsala	Uppsala University Library	300 / O Nov. 526 / Zn. 389		Mujmal al-ḥikmat (Persian), partial copy		11th/17th C						Catalogue		June 2023	
Vatican	Vatican Library	Majmūʿa 1608		Extract in majmūʿa		1030/1621						Catalogue			
Vatican	Vatican Library	Majmūʿa 265		Extract in majmūʿa		1175-6/1762						Catalogue			
Vienna	?	Vienna_1491		?								ISMI Website			
Vienna	ÖNB	Cod. A.F. 441	Mujmal al-ḥikmat	Full copy		1202/1787-8						Catalogue (HMML)			
Vienna	ÖNB	Cod. Mixt. 341 		Full?				10th/16th C		Turkey?		Catalogue			
Vienna	ÖNB	Cod. N.F. 371		Extract(s) in majmu'a (Persian)		949/1542				Mecca	حافظ على بن محمد ابراهيم فندرسكى من بلاد خراسان	Catalogue (HMML)			