City	Library	(Collection + ) Call Number	Witness to text	Specific contents	Main language	Date AH	Date CE	Inferred date		Place	Copyist name	Ownership	Catalogue reference	Digital resource	Alternative data source	Scan available
Alexandria	Maktabat al-Baladiyya	4765 / D Falak	Rasāʾil ikhwān al-ṣafāʾ 	Single epistle (1.3)		911	1505						Zeidan & Zahran, Catalogue of Manuscripts in the Municipal Library of Alexandria, pp. 206-7	https://digitallibrary.al-furqan.com/our_is_item/manid/1436038/groupid/0		
Algiers	Bibliothèque nationale d’Algérie	Algiers Museum 1452		Single epistle?										https://ismi.mpiwg-berlin.mpg.de/witness/122552 		
Ankara 	Adnan Ötüken İl Halk Kütüphanesi 	06 Hk 1454	Mukhtaṣar Rasāʾil ikhwān al-ṣafāʾ	An abridgement of Rasāʾil ikhwān al-ṣafāʾ (54 folios)	Arabic	1133	1720							https://portal.yek.gov.tr/works/detail/584934		Yes
Ankara 	Adnan Ötüken İl Halk Kütüphanesi 	06 Hk 266		Persian translation		869	1464							https://portal.yek.gov.tr/works/detail/586995		Yes
Arak	K. Ibrahim Dehgān	106	Mujmal al-ḥikma	Full copy?		1370	1951				Muḥammad Bāqir.		Fehrestegan 28:319-20, no. 58			
Baghdad 	Baghdadli Wahbi 	Sh 2023		Extract in majmūʿa											NLAI	
Baghdad 	Dār al-Kutub wa-l-wathāʾiq al-waṭaniyya 	1287/10462 (?)	Rasāʾil ikhwān al-ṣafāʾ 	Extract in majmūʿa 	Arabic	1289	1872								Vidi (Scan)	
Baghdad 	Kāẓimiyya Maktabāt al-Jawādīn al-ʿĀmma 	5	Rasāʾil fī ikhwān al-ṣafā	by Kāẓim al-Rashtī (d. 1843)		1237	1822								NLAI	
Baku	Academy of Sciences Azerbaijān	6086 B (25605)	Rasāʾil ikhwān al-ṣafāʾ 	Extract in majmūʿa		1304	1886								Aghabozorg.ir	
Beirut 	American University of Beirut Library	140455	Rasāʾil ikhwān al-ṣafāʾ 	Partial ("some rasa'il")										https://digitallibrary.al-furqan.com/our_is_item/manid/1269108/groupid/0		
Beirut 	Université St. Joseph	381	Rasāʾil ikhwān al-ṣafāʾ 	Partial (45 epistles)				11th/17th C						https://w3id.org/vhmml/readingRoom/view/504792 		Yes
Beirut 	Université St. Joseph	382	Rasāʾil ikhwān al-ṣafāʾ 	Partial (46 epistles)		1222	1808			Mi'ilya				https://w3id.org/vhmml/readingRoom/view/504793 		Yes
Beirut 	Université St. Joseph	383	Rasāʾil ikhwān al-ṣafāʾ 	Partial (5 epistles of qism 2)				11th/17th C						https://w3id.org/vhmml/readingRoom/view/504794		Yes
Berlin 	Staatsbibliothek zu Berlin	Diez A oct. 132	Mujmal al-ḥikma 	Mujmal al-ḥikma (Persian)		608	1211			Siwas	Ḥusain Ibn-Muḥammad Ibn-Yaʿqūb at-Turkmān		Pertsch Persisch 90	https://www.qalamos.net/receive/DE1Book_manuscript_00003391		
Berlin 	Staatsbibliothek zu Berlin	Glaser 7	Rasāʾil ikhwān al-ṣafāʾ 	Partial (mainly 2.3 & 2.4)									Ahlwardt, Handschriften-verzeichnisse der Königlichen Bibliothek zu Berlin, Band 4, p. 379, no. 5037	https://www.qalamos.net/receive/DE1Book_manuscript_00006421		
Berlin 	Staatsbibliothek zu Berlin	Petermann II 361	Rasāʾil ikhwān al-ṣafāʾ 	Epistle 2.8		1227	1812			Calcutta			Ahlwardt, Handschriften-verzeichnisse der Königlichen Bibliothek zu Berlin, Band 4, p. …, no. 5040	https://www.qalamos.net/receive/DE1Book_manuscript_00024749		
Berlin 	Staatsbibliothek zu Berlin	Sprenger 1141	Rasāʾil ikhwān al-ṣafāʾ 	Brief extract in majmū’a from 1.3									Ahlwardt, Handschriften-verzeichnisse der Königlichen Bibliothek zu Berlin, Band 4, … 5036	https://www.qalamos.net/receive/DE1Book_manuscript_00013358		
Berlin 	Staatsbibliothek zu Berlin	Sprenger 1946	Rasāʾil ikhwān al-ṣafāʾ 	Partial (2.8, 2.16 & 2.17)				12th/17th C					Ahlwardt, Handschriften-verzeichnisse der Königlichen Bibliothek zu Berlin, Band 4, p. 380, no. 5039	https://www.qalamos.net/receive/DE1Book_manuscript_00024749		
Berlin 	Staatsbibliothek zu Berlin	Sprenger 1948/1 	Mujmal al-ḥikma 	Mujmal al-ḥikma (Persian) in majmūʿa		1050	1640				Qāsim b. Ḥasan Kīlānī		Pertsch Persisch 91	https://www.qalamos.net/receive/DE1Book_manuscript_00014272		
Berlin 	Staatsbibliothek zu Berlin	Wetzstein II 1153/2	Rasāʾil ikhwān al-ṣafāʾ 	Single epistle in majmūʿa (Risala 1.3)				12th/18th C					Ahlwardt, Handschriften-verzeichnisse der Königlichen Bibliothek zu Berlin, Band 4, 378-9, no. 5036	https://www.qalamos.net/receive/DE1Book_manuscript_00070080		
Berlin 	Staatsbibliothek zu Berlin	Wetzstein II 1176	Rasāʾil ikhwān al-ṣafāʾ 	Partial (2.5 - 2.9)				5th/12th C					Ahlwardt, Handschriften-verzeichnisse der Königlichen Bibliothek zu Berlin, Band 4, 379, no. 5038	https://www.qalamos.net/receive/DE1Book_manuscript_00023602		
Berlin 	Staatsbibliothek zu Berlin	Wetzstein II 1219	Rasāʾil ikhwān al-ṣafāʾ 	Single epistle in majmūʿa (Risala 51 (magic))									Ahlwardt, Handschriften-verzeichnisse der Königlichen Bibliothek zu Berlin, Band 4, pp. 381-2.	https://www.qalamos.net/receive/DE1Book_manuscript_00023645		
Berlin 	Staatsbibliothek zu Berlin	Wetzstein II 1834	Rasāʾil ikhwān al-ṣafāʾ 	Extract in majmūʿa 		1200	1786						Ahlwardt, Handschriften-verzeichnisse der Königlichen Bibliothek zu Berlin, Band 4, p. ..., no. 5036	https://www.qalamos.net/receive/DE1Book_manuscript_00024260		
Berlin 	Staatsbibliothek zu Berlin	Wetzstein II 1889 	Rasāʾil ikhwān al-ṣafāʾ 	Partial (3.1-3.10 & 4.1)		717	1318			Tabriz?	Abū al-Ẓaffa[r?] Muḥammad b. al-Ashraf b. Muḥammad al-Ḥusaynī al-Nassāba		Ahlwardt, Handschriften-verzeichnisse der Königlichen Bibliothek zu Berlin, Band 4, p. 381	https://www.qalamos.net/receive/DE1Book_manuscript_00024315		
Berlin 	Staatsbibliothek zu Berlin	Wetzstein II 673 	Rasāʾil ikhwān al-ṣafāʾ 	Single epistle (Risāla 2.8 (animals))				10th/15th C					Ahlwardt, Handschriften-verzeichnisse der Königlichen Bibliothek zu Berlin, Band 4, p. ..., no. 5040	https://www.qalamos.net/receive/DE1Book_manuscript_00023099		
Birmingham 	Cadbury Research Library 	Mingana 821 (180 B-F) 	Rasāʾil ikhwān al-ṣafāʾ 	Five short extracts (astrological)											Catalogue	
Birmingham 	Cadbury Research Library 	Mingana 822 (711)	Rasāʾil ikhwān al-ṣafāʾ 	Partial 				13th/19th C							Catalogue	
Bonn	Universitäts- und Landesbibliothek	So 15	Rasāʾil ikhwān al-ṣafāʾ 	Single epistle (Animals) / However, 752 pages?		1225	1810			Calcutta	Sayyid Shāh ʿAbd al-ʿAzīz Qalandar Bukhārī		https://digitale-sammlungen.ulb.uni-bonn.de/content/pageview/6762890	https://www.qalamos.net/receive/DE5Book_manuscript_00000015		
Bursa	Inebey Kütüphanesi	H. Celebi 419 		Partial copy (? needs closer study)											Vidi (Scan)	
Bursa 	Inebey Kütüphanesi	Haracci 916	Rasāʾil ikhwān al-ṣafāʾ 	Partial (qism 1 and most of qism 2)										https://portal.yek.gov.tr/works/detail/33902		
Bursa 	Inebey Kütüphanesi	Haracci 917	Risālat al-Jāmiʿa 	Partial (vol 2 only)		737	1336							https://portal.yek.gov.tr/works/detail/33924		Yes
Cairo 	Al-Azhar Library	7246 Abāẓa (437)	Rasāʾil ikhwān al-ṣafāʾ 	Full		1283	1866			Cairo?	Jalā (?) al-Sharqāwī 		Fahāris vol. 3 - Falsafa			
Cairo 	Dār al-kutub wa-l-wathāʾiq al-qawmiyya 	143 (?)	Risālat al-Jāmiʿa	Full copy?									Non vidi (Kacimi)			
Cairo 	Dār al-kutub wa-l-wathāʾiq al-qawmiyya 	Hayʾa 10	Rasāʾil ikhwān al-ṣafāʾ 	Extract in majmūʿa 		1163	1749			Maghreb?				https://ismi.mpiwg-berlin.mpg.de/witness/466861		
Cairo 	Dār al-kutub wa-l-wathāʾiq al-qawmiyya 	Hayʾa 43		Single risāla (Hayʾa)		1237	1821							https://ismi.mpiwg-berlin.mpg.de/witness/468823		
Cairo 	Dār al-kutub wa-l-wathāʾiq al-qawmiyya 	Hayʾa 49		Photocopy of single risāla (Hayʾa) from British Library Add. 9599										https://ismi.mpiwg-berlin.mpg.de/witness/468951		
Cairo 	Dār al-kutub wa-l-wathāʾiq al-qawmiyya 	Ḥikmat Taymūr 143	Rasāʾil ikhwān al-ṣafāʾ 	Fulll? 										http://alnadeem-mss.malecso.org/cgi-bin/koha/opac-detail.pl?biblionumber=111957&query_desc=kw%2Cwrdl%3A%20%D8%B1%D8%B3%D8%A7%D8%A6%D9%84%20%D8%A7%D8%AE%D9%88%D8%A7%D9%86%20%D8%A7%D9%84%D8%B5%D9%81%D8%A7		
Cairo 	Dār al-kutub wa-l-wathāʾiq al-qawmiyya 	Khidiwiyya 9509	Rasāʾil ikhwān al-ṣafāʾ 	Full?		1279	1862						Khidiwiyya catalogue (vol. 6, p. 94)			
Cairo 	Dār al-kutub wa-l-wathāʾiq al-qawmiyya 	Khidiwiyya 9510	Rasāʾil ikhwān al-ṣafāʾ 	Fragment of risāla 14									Khidiwiyya catalogue (vol. 6, p. 94)			
Cairo 	Dār al-kutub wa-l-wathāʾiq al-qawmiyya 	Khidiwiyya 9875	Rasāʾil ikhwān al-ṣafāʾ 	Partial (27 rasāʾil)									Khidiwiyya catalogue (vol. 6, p. 94)			
Cairo 	Dār al-kutub wa-l-wathāʾiq al-qawmiyya 	Majāmīʿ Taymūr 14/2	Rasāʾil ikhwān al-ṣafāʾ 	Extract in majmūʿa (risala on music)										https://www.saramusik.org/67/texte/		
Cairo 	Dār al-kutub wa-l-wathāʾiq al-qawmiyya 	Majāmīʿ Taymūr 331	Rasāʾil ikhwān al-ṣafāʾ wa-hidāyā akhdān al-wafāʾ	A text written by Shihāb al-Dīn al-Khafājī (d. 1069/1659)											Database	
Cairo 	Dār al-kutub wa-l-wathāʾiq al-qawmiyya 	Mīqāt 122	Rasāʾil ikhwān al-ṣafāʾ 	Extract in majmūʿa (risāla 1)				12th/18th C					King, A survey of Scientific manuscripts			
Cairo 	Dār al-kutub wa-l-wathāʾiq al-qawmiyya 	Musṭafā Fāḍil mīqāt 166	Rasāʾil ikhwān al-ṣafāʾ 	Extract in majmūʿa (risāla 3)				12th/18th C					King, A survey of Scientific manuscripts			
Cairo 	Dār al-kutub wa-l-wathāʾiq al-qawmiyya 	Riyāḍa 301	Rasāʾil ikhwān al-ṣafāʾ 	Extract in majmūʿa (rasāʾil 1 & 4)									King, A survey of Scientific manuscripts			
Cairo 	Dār al-kutub wa-l-wathāʾiq al-qawmiyya 	Ṭalʿat ḥikma 383	Rasāʾil ikhwān al-ṣafāʾ 	Full?				7th/13th C					King, A survey of Scientific manuscripts			
Calcutta	Asiatic Society	O 2 		Partial (from eleventh risala?)										https://indianculture.gov.in/flipbook/83715		
Calcutta	Asiatic Society	Ob 12	Mujmal al-ḥikma	First qism only	Persian			12th/18th C						https://archive.org/details/in.gov.ignca.20616/page/653/mode/2up		
Calcutta	Asiatic Society	Q 48		Extract in majmūʿa										https://indianculture.gov.in/flipbook/83715		
Calcutta	Buhar Library	337	Rasāʾil ikhwān al-ṣafāʾ 	Full				9th/15th C					Calcutta Buhar lib. cat. vol. ii no. 337 - (cat. 99. 363)			
Calcutta	Buhar Library 	Persian MSS No. 207 	Mujmal al-ḥikma	Tarjuma-yi Mujmal al-ḥikma				9th/15th C					Catalogue pp. 156-62	https://indianculture.gov.in/flipbook/28414		
Cambridge	Cambridge University Library	E.G. Browne 1	Mujmal al-ḥikma	Mujmal al-ḥikma (Persian)	Persian			before 1302/1885					Nicholson, A descriptive catalogue of the Oriental mss. belonging to the late E. G. Browne, pp. 152-4.]	https://www.fihrist.org.uk/catalog/manuscript_1866		
Cambridge	Cambridge University Library	T-S Ar. 40.98	Rasāʾil ikhwān al-ṣafāʾ 	Bifolio of epistle 13									Vidi (scan)	Via Friedberg Geniza Project		Yes
Cambridge	Cambridge University Library	T-S Ar. 41.23	Rasāʾil ikhwān al-ṣafāʾ 	Single folio of epistle 5				5th/11th century?					Vidi (scan)	Via Friedberg Geniza Project		Yes
Cambridge	Cambridge University Library	T-S Ar. 43.276	Rasāʾil ikhwān al-ṣafāʾ 	Single folio of epistle 35 	Judeo-Arabic								Vidi (scan)	Via Friedberg Geniza Project		Yes
Cambridge	Cambridge University Library	T-S Ar. 43.279	Rasāʾil ikhwān al-ṣafāʾ 	Single folio of epistle 19 and 21 	Judeo-Arabic								Vidi (scan)	Via Friedberg Geniza Project		Yes
Cambridge	King’s College Library	Pote 2	Rasāʾil ikhwān al-ṣafāʾ 	Partial (?)	Arabic			pre-1118AH						https://www.fihrist.org.uk/catalog/manuscript_12080		
Copenhagen	Royal Danish Library	Cod. Arab. A.C. 20	Rasāʾil ikhwān al-ṣafāʾ 	Partial (24 epistles, from 2.15 onwards)		1191	1777				Muḥammad Maḥmūd Muḥammad Urdī 				Catalogue Perho	
Damascus	Maktabat al-Asadiyya al-Waṭaniyya	1477	Risālat al-Jāmiʿa					11th/17th C		Tripoli	 ʿAbd al-Razzāq al-Kūkājī al-Ḥamawī	Made for beylerbey	Catalogue falsafa pp. 29-31.			
Damascus	Maktabat al-Asadiyya al-Waṭaniyya	5637	Rasāʾil ikhwān al-ṣafāʾ 	Partial 	Arabic			at the earliest 1041			Ḥusayn al-Ḥusaynī			https://digitallibrary.al-furqan.com/our_is_item/manid/1896622/groupid/0		
Damascus	Maktabat al-Asadiyya al-Waṭaniyya	7374	Risālat al-Jāmiʿa										Catalogue falsafa pp. 29-31.			
Damascus	Maktabat al-Asadiyya al-Waṭaniyya	9323 	Rasāʾil ikhwān al-ṣafāʾ 	Partial (Fihrist up to 3.10)	Arabic	1199	1785			Qadmus?	Aṣlān b. Ismāʿīl Zughbī			https://digitallibrary.al-furqan.com/our_is_item/manid/1187098/groupid/0 	http://alnadeem-mss.malecso.org/cgi-bin/koha/opac-detail.pl?biblionumber=99126&query_desc=kw%2Cwrdl%3A%20%D8%B1%D8%B3%D8%A7%D8%A6%D9%84%20%D8%A7%D8%AE%D9%88%D8%A7%D9%86%20%D8%A7%D9%84%D8%B5%D9%81%D8%A7	
Damascus	Maktabat al-Asadiyya al-Waṭaniyya	9900	Risālat al-Jāmiʿa			1280	1863				ʿAbd Allāh Ḥamdūsh & Maḥmūd ʿAlī Sulaymān		Catalogue falsafa pp. 29-31.			
Djerba 	Barounia	452-256		Full? (only 91 pages?)											Catalogue	
Dublin 	Chester Beatty Library	5425	Rasāʾil ikhwān al-ṣafāʾ 	Partial				7th/13th C							Catalogue	
Dushanbe	Library of the Academy of Sciences of Rep. of Tajikistan 	361	Mujmal al-ḥikma	Full copy?				12th/18th C			Sayyid 'Ali Mūjānī & Amriyazdān 'Alī Mardān ? 				NLAI	
Edirne	Selimiye Yazma Eser Kütüphanesi 	388	Rasāʾil ikhwān al-ṣafāʾ 	Partial (half of qism 1, half of qism 2		602	1205				ʿUmar b. al-Ḥasan al-Tiflīsī 			https://portal.yek.gov.tr/works/detail/431472		Yes
Eton	Eton College Library	Pote 400	Mujmal al-ḥikma	Mujmal al-ḥikma (Persian)		1085	1675			India?	Muḥammad ʿAbīd 			https://www.fihrist.org.uk/catalog/manuscript_15554		
Gorno-Badakhshan	Unknown family library	1959/7	Mujmal al-ḥikma	Three epistles in majmūʿa	Persiqn	1368	1948				Shah Fitur Muhabbatshahzada (Шах Фитур Мухаббатшахзада)		A. Berthels & M. Baqoev, Alphabetic Catalogue of Manuscripts found by 1959-1963 Expedition in Gorno-Badakhshan Autonomous Region (Moscow 1967), pp. 60-61, 63.			
Gotha	Forschungsbibliothek	Ms. orient. A 157	Rasāʾil ikhwān al-ṣafāʾ 	Partial (epistles 1-13)				Before 1134 / 1721-22					https://dhb.thulb.uni-jena.de/rsc/viewer/ufb_derivate_00015097/AM-82560-P469-3-1_00223.tif	https://www.qalamos.net/receive/DE39Book_manuscript_00000163		
Hamadan	Madrasa-yi Gharb 	402		Mukhtasar (no further info)									Fehrestegan 16:420, nr. 44			
Hamadan	Majmūʿe Ḥājī Ezadī	13	Mujmal al-ḥikma	Mujmal al-ḥikma (Persian) in majmūʿa		1079	1669						Fehrestegan 28:317, no. 34			
Hyderabad	Oriental Manuscripts Library and Research Center (OMLRI) 	1966	Rasāʾil ikhwān al-ṣafāʾ 	Full?	Arabic								https://archive.org/details/OrientalManuscriptsLibraryAndResearchCenteromlriArabicAndPersian_385/page/n83/mode/2up			
Hyderabad	Oriental Manuscripts Library and Research Center (OMLRI) 	2252	Urdu translation	Full?	Urdu								https://archive.org/details/OrientalManuscriptsLibraryAndResearchCenteromlriArabicAndPersian_385/page/n85/mode/2up			
Hyderabad	Oriental Manuscripts Library and Research Center (OMLRI) 	22975 + 22978	Risālat al-jāmiʿa	Full (two volumes)	Arabic								https://archive.org/details/OrientalManuscriptsLibraryAndResearchCenteromlriArabicAndPersian_385/page/n91/mode/2up			
Hyderabad	Oriental Manuscripts Library and Research Center (OMLRI) 	5864	Urdu translation	Full?	Urdu								https://archive.org/details/OrientalManuscriptsLibraryAndResearchCenteromlriArabicAndPersian_385/page/n85/mode/2up			
Hyderabad	Salar Jung Museum	41	Rasāʾil ikhwān al-ṣafāʾ 	Full	Arabic	667	1268						https://archive.org/details/dli.ministry.28269/page/24/mode/2up		Ali-de-Unzaga	
Hyderabad	Salar Jung Museum	42	Rasāʾil ikhwān al-ṣafāʾ 	Partial (1.17, 2.1-10, 4.1-10)	Arabic	1190	1776						https://archive.org/details/dli.ministry.28269/page/24/mode/2up		Ali-de-Unzaga	
Hyderabad	State Central Library (Asafia)	347 		Persian translation				11th/17th C							Danishpazhuh ed.	
Hyderabad	State Central Library (Asafia)	8 (falsafa)	Rasāʾil ikhwān al-ṣafāʾ 	Full		1055	1645								Ali-de-Unzaga	
India?	Dīwān-i Hind (?) 	2225	Mujmal al-ḥikma		Persian	1036	1626								Danishpazhuh ed.	
Isfahan	K. Alfat-i Iṣfahānī	45		Partial (rasāʾil 1-14)				11th/17th C		Isfahan					NLAI	
Isfahan	K. Markazī Dānishgāh-i Iṣfahān	127		Partial (from risala 14 onwards)				11th/17th C					Fehrestegan 16:417, nr. 13			
Isfahan	K. Markazī Dānishgāh-i Iṣfahān	156		Single epistle or a summary of one		1288	1871						Fehrestegan 16:419, nr. 35			
Isfahan	K. Markazī Dānishgāh-i Iṣfahān	662/3	Mujmal al-ḥikma	Mujmal al-ḥikma (Persian) in majmūʿa				13th/19th C					Fehrestegan 28:318, nr. 48			
Istanbul	Beyazit Kütüphanesi	B3948	Rasāʾil ikhwān al-ṣafāʾ 	Full											Vidi (Scan)	
Istanbul	Beyazit Kütüphanesi	B4003	Rasāʾil ikhwān al-ṣafāʾ 	Partial (parts of qism 1 and 2)											Vid (Scan)	
Istanbul	İstanbul Üniversitesi Merkez Kütüphanesi	NEKFY 00401	Mujmal al-ḥikma	Full?	Persian			Before 1125/1713-4								Yes, direct link: http://nek.istanbul.edu.tr:4444/ekos/FY/nekfy00401.pdf
Istanbul	Köprülü	Fazıl Ahmed Paşa 870	Rasāʾil ikhwān al-ṣafāʾ 	Full				9th/15th C							Vidi (Scan)	
Istanbul	Köprülü	Fazıl Ahmed Paşa 871	Rasāʾil ikhwān al-ṣafāʾ 	Full		820	1417							https://ismi.mpiwg-berlin.mpg.de/witness/376490		
Istanbul	Köprülü	Fazıl Ahmed Paşa 981	Rasāʾil ikhwān al-ṣafāʾ 	Extract in majmūʿa (risala on music)		893	1488								Vidi (Scan)	
Istanbul	Köprülü	Mehmed Asım Bey 709	Rasāʾil ikhwān al-ṣafāʾ 	Extract in majmūʿa (risala hay'a)											Vidi (Scan)	
Istanbul	Millet Kütüphanesi	34 Ae Arabi 950 	Rasāʾil ikhwān al-ṣafāʾ 	Full?									Yazmalar			
Istanbul	Millet Kütüphanesi	Feyzüllah 2130 and 2131	Rasāʾil ikhwān al-ṣafāʾ 	Full (two volumes)	Arabic	704	1304				ʿAlī b. Mūsā b. ʿImrān b. Ismāʾīl b. ʿImrān b. Mūsā b. Faḍl al-Shunaynī al-Sulamī				Vidi (Scan)	
Istanbul	Nuruosmaniye	2683		?										http://alnadeem-mss.malecso.org/cgi-bin/koha/opac-detail.pl?biblionumber=45210&query_desc=kw%2Cwrdl%3A%20%D8%B1%D8%B3%D8%A7%D8%A6%D9%84%20%D8%A7%D8%AE%D9%88%D8%A7%D9%86%20%D8%A7%D9%84%D8%B5%D9%81%D8%A7	Vidi (Scan)	
Istanbul	Nuruosmaniye	2951		Extract in majmūʿa				12th.18th C		Karbala					Vidi (Scan)	
Istanbul	Ragıp Paşa	839	Rasāʾil ikhwān al-ṣafāʾ 	Full											Vidi (Scan)	
Istanbul	Ragıp Paşa	840	Rasāʾil ikhwān al-ṣafāʾ 	Full				12th/18th C?							Vidi (Scan)	
Istanbul	Süleymaniye	Amcazade Hüseyin Paşa 452	Rasāʾil ikhwān al-ṣafāʾ 	Partial (most of qism 1)	Arabic										Vidi (Scan) 	
Istanbul	Süleymaniye	Atif Efendi 1681	Rasāʾil ikhwān al-ṣafāʾ 	Full	Arabic	578	1182			Shammākhiyya	Mawdūd b. 'Uthmān b. 'Umar al-ṭabīb al-Shirwānī			https://portal.yek.gov.tr/works/detail/656096		Yes
Istanbul	Süleymaniye	Ayasofya 3768	Rasāʾil ikhwān al-ṣafāʾ 	Partial (qism 3 and 4.	Arabic									https://portal.yek.gov.tr/works/detail/204710		
Istanbul	Süleymaniye	Carullah 1638	Rasāʾil ikhwān al-ṣafāʾ 	Partial	Arabic	1139	1726								Vidi (Scan)	
Istanbul	Süleymaniye	Carullah 2107	Rasāʾil ikhwān al-ṣafāʾ 	Partial	Arabic			pre-880AH							Vidi (Scan)	
Istanbul	Süleymaniye	Carullah 982	Rasāʾil ikhwān al-ṣafāʾ 	Partial	Arabic										Vidi (Scan)	
Istanbul	Süleymaniye	Esad Efendi 1191	al-Risāla al-ʿayniyya fī al-Ḥikma al-ḥaqīqiyya	Written by al-Bihishtī (d. 749		741	1340								Vidi (Scan)	
Istanbul	Süleymaniye	Esad Efendi 3620	Rasāʾil ikhwān al-ṣafāʾ 	Partial (2.4-2.10 & 2.15)	Arabic			7th/13th C						https://portal.yek.gov.tr/works/detail/190077		Yes
Istanbul	Süleymaniye	Esad Efendi 3636 		Extract in majmūʿa (TBC)											Vidi (Scan)	
Istanbul	Süleymaniye	Esad Efendi 3637	Rasāʾil ikhwān al-ṣafāʾ 	Full	Arabic			7th/13th C							Vidi (Scan)	
Istanbul	Süleymaniye	Esad Efendi 3638	Rasāʾil ikhwān al-ṣafāʾ 	Full	Arabic	686	1287			Baghdad	Buzurgmihr b. Muḥammad al-Ṭūsī				Vidi (Scan)	
Istanbul	Süleymaniye	Fatih 3178	Mujmal al-ḥikma	Full	Persian	645	1247				Abū ʿAbdallāh Muḥammad b. Muḥammad b. ʿAlī al-kātib Ibn al-Khafāf taʿrīfan al-Nakhjuwānī				Vidi (Scan)	
Istanbul	Süleymaniye	Halet Efendi 724?		Unclear, data does not match scans		1141	1729				ʿAbdallāh Fityānī		Fehrestegan (check			
Istanbul	Süleymaniye	Hamidiye 1440	Rasāʾil ikhwān al-ṣafāʾ 	Extract in majmūʿa (risala fi mahiyyat al-tabi'iyyat)											Vidi (Scan)	
Istanbul	Süleymaniye	Hamidiye 1444 	Rasāʾil ikhwān al-ṣafāʾ 	Full		1161	1748			Jerusalem	ʿAbdallāh al-Faytānī imam in al-Ṣakhra al-Mashriqa				Vidi (Scan)	
Istanbul	Süleymaniye	Hazreti Nasuhi Dergahı 189		Personal mukhtasar of Epistles (TBC)											Vidi (Scan)	
Istanbul	Süleymaniye	Hüsrev Paşa 251	Rasāʾil ikhwān al-ṣafāʾ 	Extract in majmūʿa (risalat al-hay'a)						Maghreb				https://ismi.mpiwg-berlin.mpg.de/witness/466870		
Istanbul	Süleymaniye	Laleli 3639 	Mukhtaṣar 	By Dāwud al-ṭabīb		1109	1697				Muḥammad b. ʿAbdallāh b. Muḥammad b. Jumʿāʾ al-Hindī.				Vid (Scan)	
Istanbul	Süleymaniye	Şehid Ali Paşa 2785	Rasāʾil ikhwān al-ṣafāʾ 	Partial (eight rasa'il)											Vidi (Scan)	
Istanbul	Süleymaniye	Yeni Cami 1199	Rasāʾil ikhwān al-ṣafāʾ 	Full		887	1482			Mecca					Vidi (Scan)	
Istanbul	Topkapı Palace Library	Ahmet III 3258/1 	Rasāʾil ikhwān al-ṣafāʾ 	Partial (first vol. of (probably) two)								Bayezid II Seal	Karatay 6574			
Istanbul	Topkapı Palace Library	Revan Köşk 1062 	Rasāʾil ikhwān al-ṣafāʾ 	Partial (first vol. of (probably) two)		717	1317						Karatay 6575	http://alnadeem-mss.malecso.org/cgi-bin/koha/opac-detail.pl?biblionumber=110731&shelfbrowse_itemnumber=111187#shelfbrowser		
Istanbul	Topkapı Palace Library	Emanet Hazinesi 1684	Rasāʾil ikhwān al-ṣafāʾ 	Full									Karatay 6576	http://alnadeem-mss.malecso.org/cgi-bin/koha/opac-detail.pl?biblionumber=110745&shelfbrowse_itemnumber=111201#holdings		
Istanbul	Topkapı Palace Library	Emanet Hazinesi 1686 	Rasāʾil ikhwān al-ṣafāʾ 	Full		1161	1748				ʿĀrif b. ʿAlī al-Ḥalabī		Karatay 6577			
Istanbul	Topkapı Palace Library	Ahmet III 3258/2 	Rasāʾil ikhwān al-ṣafāʾ 	Partial (second qism)								Bayezid II Seal	Karatay 6578	http://alnadeem-mss.malecso.org/cgi-bin/koha/opac-detail.pl?biblionumber=110703&query_desc=kw%2Cwrdl%3A%20%D8%B1%D8%B3%D8%A7%D8%A6%D9%84%20%D8%A7%D8%AE%D9%88%D8%A7%D9%86%20%D8%A7%D9%84%D8%B5%D9%81%D8%A7		
Istanbul	Topkapı Palace Library	Ahmet III 2128	Rasāʾil ikhwān al-ṣafāʾ 	Partial (third qism)								Bayezid II Seal + 	Karatay 6579	http://alnadeem-mss.malecso.org/cgi-bin/koha/opac-detail.pl?biblionumber=110724&shelfbrowse_itemnumber=111181#shelfbrowser		
Jounieh	Ordre Basilien Alepin	363	Rasāʾil ikhwān al-ṣafāʾ 	Extracts in Christian (!) majmūʿa				11th/17th C						https://w3id.org/vhmml/readingRoom/view/506707		
Kabul	Kabul Museum Library 	143 (56)	Rasāʾil ikhwān al-ṣafāʾ 	Full copy?									S. De Laugier de Beaurecueil, Manuscrits d’Afghanistan, Cairo 1964, p. 80 https://archive.org/details/waqsfmkn_1/07_Afghanistan/page/n79/mode/2up			
Kashan	Riḍāwī	70	Mujmal al-ḥikma	Full?				11th/17th C					Fehrestegan 28:316, no. 17			
Kastamonu	İl Halk Kütüphanesi	37 Hk 2190/6 	Rasāʾil ikhwān al-ṣafāʾ 	Full? (but included in majmūʿa)		1234	1817			Istanbul	Mehmed Halis b. Ahmed	Dedicated to Şeyh Ahmet Siyahî Kütüphanesi			Vidi (Scan	
Kayseri	Raşit Efendi Yazma Eser Kütüphanesi	865	Rasāʾil ikhwān al-ṣafāʾ 	Full				mid-9th/15th C		Istanbul?		Dedicated to sultan Mehmed b. Murad			Vidi (scan)	
Kerbala	al-Rawḍa al-Ḥusayniyya Library / Dār al-makhṭūṭāt al-ʿataba al-Ḥusayniyya 	389m-9055ḥ	Risālat al-jāmiʿa 	Full?		1037	1627				Muḥammad				NLAI	
Kerbala	al-Rawḍa al-Ḥusayniyya Library / Dār al-makhṭūṭāt al-ʿataba al-Ḥusayniyya 	5494	Rasāʾil ikhwān al-ṣafāʾ 	Partial (3.8-end)	Arabic										Vidi (Scan)	
Khansar	K. Fāḍil Khānsārī	221		Single epistle in majmūʿa				13th/19th C			Mullā Muḥammad Taqī Golpāygānī				Catalogue	
Konya	İzzet Koyunoğlu Şehir Müzesi 	Film 960 (?)	Mujmal al-ḥikma	Full copy?											Danishpazhuh ed.	
Konya	Mevlana müzesi kütüphanesi	5707	Mujmal al-ḥikma	Full copy?				late 7th/8th C		Saljuq Anatolia					NLAI	
Kuwayt 	Kuwayt University Library	874	Rasāʾil ikhwān al-ṣafāʾ 	Partial (qism 3 & 4)										http://library1.kuniv.edu.kw/manuscript/Scriptsview.asp?ID=30810		
Lahore	Punjab University Library 	Muḥammad Shafīʿ Lahūrī 244/79	Mujmal al-ḥikma		Persian	1014	1605				Saʿd Allāh				Danishpazhuh ed.	
Leeds	Leeds University Library	25	Rasāʾil ikhwān al-ṣafāʾ 	Full				late 17th/early18th C							Catalogue	
Leiden	Universiteitsbibliotheek	Or. 444	Rasāʾil ikhwān al-ṣafāʾ 	Partial (Rasāʾil 25-51)											Catalogue	
London	British Library	Add. 9599/27	Rasāʾil ikhwān al-ṣafāʾ 	27th extract in majmūʿa, in fact attributed to Ibn Sīna		1221	1806							https://ismi.mpiwg-berlin.mpg.de/witness/466913	Vidi / ISMI	
London	British Library	IO Islamic 824	Rasāʾil ikhwān al-ṣafāʾ 	Extract in from Risala on Music in majmūʿa		1134	1722			Gujarat?	Aḥmad ibn Sulaymān Ghūjārātī				Vidi (Scan)	https://www.qdl.qa/en/archive/81055/vdc_100023620256.0x000001
London	British Library	Or. 2358-9	Rasāʾil ikhwān al-ṣafāʾ 	Full		1088	1677			India?	Muḥammad ʿAbd al-Raḥmān Buhārī (only 3a-10b of vol. 1)				Vidi / Ali-de-Unzaga	
London	British Library	Or. 4518	Rasāʾil ikhwān al-ṣafāʾ 	Full		1096	1683			Oman? 		Endowed by sultan of Oman Ahmad bin Said al-Busaidi (d. 1783)			Vidi / Ali-de-Unzaga	
London	British Library	Or. 6692	Rasāʾil ikhwān al-ṣafāʾ 	Partial (3.2, 3.6-4.3)		646	1248								Vidi	
London	British Library	Or. 8254	Rasāʾil ikhwān al-ṣafāʾ 	Partial (2.7-3.9)		644	1247								Vidi	https://www.qdl.qa/en/archive/81055/vdc_100083806433.0x00000b
London	British Library	Or. 8372 	Mujmal al-ḥikma 	Full		1012	1603				Mīr Sohrab b. Jawānī Afandī 			https://www.fihrist.org.uk/catalog/manuscript_6372		
London	British Library	Persian no. 99?	Mujmal al-ḥikma	Full?		845	1441						Danishpazhuh ed.		Danishpazhuh ed.	
London	Institute of Ismaili Studies 	1000 	Risālat jāmiʿat al-jāmiʿa	Full copy	Arabic	1271	1854				ʿAbd Allāh b. Muḥammad Ḥamdūsh					
London	Institute of Ismaili Studies 	1004	Risālat al-jāmiʿa	Partial (Volume 1) 		1378	1958			Burhanpur	Salām Ḥusayn b. Mullā Muḥammad ʿAlī al-Burhānpūrī				Vidi (Scan)	
London	Institute of Ismaili Studies 	1009	Risālat al-jāmiʿa	Vol. 2 (vol. 1 of this set = IIS 992)	Arabic											
London	Institute of Ismaili Studies 	1033	Risāla majmūʿa min zubd Ikhwān al-ṣafāʾ	Extract in majmūʿa (TBC)											Catalogue	
London	Institute of Ismaili Studies 	1040 	Rasāʾil ikhwān al-ṣafāʾ 	Partial (first half + part of second half)		953	1546			Iran?	al-Ḥasan b. al-Nuʿmānī al-Ismāʿīlī				Vidi (Scan)	
London	Institute of Ismaili Studies 	206	Risālah min naẓm Ikhwān al-Ṣafā‎‎‎‎‎’‎ wa-khullān al-wafā‎‎‎‎‎’‎	Extracts and abridgements in majmūʿa	Arabic	1282	1866				Aḥmad Muḥammad al-‎Ḥājj Khādim al-‎‎‘‎Ilm al-Sharīf			https://special-collections.iis.ac.uk/Details/manuscripts/474		
London	Institute of Ismaili Studies 	576	Rasāʾil ikhwān al-ṣafāʾ 	Full copy?	Arabic			11th/17th C						https://special-collections.iis.ac.uk/Details/manuscripts/456		
London	Institute of Ismaili Studies 	659	Rasāʾil ikhwān al-ṣafāʾ (+ potentially other material?)	Abridgement of some sections of RIS	Arabic									https://special-collections.iis.ac.uk/Details/manuscripts/439		
London	Institute of Ismaili Studies 	83 (E)	Rasāʾil ikhwān al-ṣafāʾ 	Partial (Qism 3, risala 1-10)	Arabic			13th/19th C						https://special-collections.iis.ac.uk/Details/manuscripts/1404 		
London	Institute of Ismaili Studies 	84 (B)	Rasāʾil ikhwān al-ṣafāʾ 	Partial ("al-juzʾ al-rābiʿ = qism 2, (from?) risala 8)	Arabic	1239	1823			Amrīṭ	Ṭayyib ‘Alī ibn al-Ḥājj Mullā Ibrāhīm-jī Ḥakīm			https://special-collections.iis.ac.uk/Details/manuscripts/1401		
London	Institute of Ismaili Studies 	85 (C)	Rasāʾil ikhwān al-ṣafāʾ 	Partial (Qism 2, 2.1-2.7)	Arabic	1111	1699				Fāṭimah-jī bint Khān-jī.			https://special-collections.iis.ac.uk/Details/manuscripts/1402 		
London	Institute of Ismaili Studies 	86 (D)	Rasāʾil ikhwān al-ṣafāʾ 	Partial (Qism 2, 2.9-2.17)	Arabic			12th/18th C						https://special-collections.iis.ac.uk/Details/manuscripts/1403 		
London	Institute of Ismaili Studies 	87 (G)	Rasāʾil ikhwān al-ṣafāʾ 	Partial (Qism 4, 4.3-4.11)	Arabic	1114	1702				Fāṭimah bint Miyān Khān-jī-bhā’ī			https://special-collections.iis.ac.uk/Details/manuscripts/1406		
London	Institute of Ismaili Studies 	88 (F)	Rasāʾil ikhwān al-ṣafāʾ 	Partial (Qism 4, 4.1-4.2)	Arabic	1133	1721							https://special-collections.iis.ac.uk/Details/manuscripts/1405 		
London	Institute of Ismaili Studies 	914	Risālat jāmiʿat al-jāmiʿa	Full copy	Arabic			late 11th/17th C			Miyā Maʾmūjī b. ʿAlī Pāʾīn b. Tājkhān b. Khūj				Vidi (Scan)	
London	Institute of Ismaili Studies 	927	Rasāʾil ikhwān al-ṣafāʾ 	Selections and extracts	Arabic	1311	1894			Shahjahanpur	Isḥāq b. al-Shaykh al-Fāḍil Sulaymānjī				Vidi (Scan)	
London	Institute of Ismaili Studies 	992	Risālat al-jāmiʿa	Vol. 1 (vol. 2 of this set = IIS 1009)	Arabic	1338	1919			India?	Amīn b. ʿAlī al-Kātihyāwārī al-Gādahkarwī				Vidi (Scan)	
London	Institute of Ismaili Studies 	Hamdani 1482 	Rasāʾil ikhwān al-ṣafāʾ 	Partial (qism 4)		1126	1714				Ādam b. Mullā Najm Khān b. Aḥmad		François de Blois, Hamdani handlist 5			
London	Institute of Ismaili Studies 	Hamdani 1483 	Risālat al-jāmiʿa	Volume 2									François de Blois, Hamdani handlist 9			
London	Institute of Ismaili Studies 	Hamdani 1484	Risālat jāmiʿat al-jāmiʿa?	TBC, may not be related									François de Blois, Hamdani handlist 84/1 fols 1-32 and Handlist 84/4 fols 1-40			
London	Institute of Ismaili Studies 	Hamdani 1541	Rasāʾil ikhwān al-ṣafāʾ 	Brief extract in majmūʿa	Arabic								François de Blois, Hamdani handlist, 123	https://special-collections.Institute of Ismaili Studies.ac.uk/Details/manuscripts/86		
London	Institute of Ismaili Studies 	Hamdani 1662	Rasāʾil ikhwān al-ṣafāʾ 	Extracts in majmūʿa	Arabic								François de Blois, Hamdani handlist, 105	https://special-collections.Institute of Ismaili Studies.ac.uk/Details/manuscripts/154		
London	Institute of Ismaili Studies 	Zāhid Ali 1163		Extract in majmūʿa		1294	1877				Faḍl Ali b. Mullā Muḥsin Ali b. Murād Ali				Catalogue	
London	Institute of Ismaili Studies 	Zāhid Ali 1264	Risālat al-jāmiʿa	Partial (Volume 2)				mid 13th/19th C			Ismāʿīl b. Mullā Khānbhāʾī 				Vidi (Scan)	
London	Institute of Ismaili Studies 	Zāhid Ali 1277 	Risālat al-jāmiʿa	Partial (Volume 1 + partial vol. 2)				mid 13th/19th C							Vidi (Scan)	
London	Institute of Ismaili Studies 	Zāhid Ali 1310	Risālat jāmiʿat al-jāmiʿa	Full copy		1275	1858			India?	Ḥasan ʿAlī Afḍal al-Murād				Vidi (Scan)	
London	Royal Asiatic Society Library	Persian 184	Mujmal al-ḥikma	Full										https://www.fihrist.org.uk/catalog/manuscript_2725		
London	SOAS Library	ms. 45812	Rasāʾil ikhwān al-ṣafāʾ 	Full				11th/17th C						https://www.fihrist.org.uk/catalog/manuscript_8585	Vidi	
Los Angeles	UCLA	Caro Minasian Collection, box 120, 940		Extracts in majmūʿa						Iran					Catalogue	
Los Angeles	UCLA	Caro Minasian Collection, box 122, 976		Extracts in majmūʿa				12th/17th-18th C		Iran					Catalogue	
Los Angeles	UCLA	M 1434	Mujmal al-ḥikma			1246	1830				Abū Turāb Ḥusaynī Mūsawī 				Catalogue	
Los Angeles	UCLA	M 556	Mujmal al-ḥikma					11th/17th C							Catalogue	
Los Angeles	UCLA	M 77	Persian translation												Catalogue	
Los Angeles	UCLA	Unknown number - 15187?		Possibly not actually Ikhwan-related											Ketabpedia	
Madras	Oriental Manuscripts Library 	150	Rasāʾil ikhwān al-ṣafāʾ 	Full	Arabic										Catalogue	
Madras	Oriental Manuscripts Library 	151	Rasāʾil ikhwān al-ṣafāʾ 	Full	Arabic										Catalogue	
Madras	Oriental Manuscripts Library 	478	Mujmal al-ḥikma	Full	Persian										Catalogue	
Madras	Oriental Manuscripts Library 	879	Mujmal al-ḥikma	Full	Persian										Catalogue	
Madrid 	Escorial	Derenbourg 900 / Casiri 895	Rasāʾil ikhwān al-ṣafāʾ 	Risāla 22 (2.8)		942	1535								Vidi (Scan)	
Madrid 	Escorial	Derenbourg 928 / Casiri 923	Rasāʾil ikhwān al-ṣafāʾ 	Partial (22 first rasāʾil)				before 862/1458		Andalus/Maghrib					Vidi (Scan)	
Madrid 	Escorial	Derenbourg 942 / Casiri 937	Rasāʾil ikhwān al-ṣafāʾ 	Extracts in majmūʿa (epistles 13 & 40)		742	1341			Andalus/Maghrib				https://ismi.mpiwg-berlin.mpg.de/codex/15688	Vidi (Scan)	
Manchester	John Rylands Library	Or. 376	Rasāʾil ikhwān al-ṣafāʾ 	Partial (first qism)				12th/18th C		India?					Catalogue	
Manchester 	John Rylands Library	Gaster ar. 174	Rasāʾil ikhwān al-ṣafāʾ 	Geniza fragment epistle on animals										https://geniza.princeton.edu/en/documents/32954/		Yes
Manchester 	John Rylands Library	Or. 377	Rasāʾil ikhwān al-ṣafāʾ 	Partial (second qism)				12th/18th C		India?					Catalogue	
Manchester 	John Rylands Library	Persian MS 457	Jung-i Kalām-i Isti‘mālī	Anthology including fragments of Rasāʾil ikhwān al-ṣafāʾ 	Persian	1218	1804							https://www.fihrist.org.uk/catalog/manuscript_6954		
Manisa	Kitapsaray (?)	1705/2	Rasāʾil ikhwān al-ṣafāʾ 	Extract in majmūʿa (risalat al-jughrafiya)				7th/13th C								
Manisa	Kitapsaray (?)	2760	Mujmal al-ḥikma	Full copy?				7th/13th C		Saljuq 					NLAI	
Mashhad	Astan Quds Razavi	10479	Mujmal al-ḥikma	Full copy	Persian	1300	1882						Fehrestegan 2:554			
Mashhad	Astan Quds Razavi	10755	Mujmal al-ḥikma	Full copy	Persian			11th/17th C					Fehrestegan 28:316, nr. 20			
Mashhad	Astan Quds Razavi	12319	Rasāʾil ikhwān al-ṣafāʾ 	Partial (qism 2)	Arabic								Fehrestegan 16:420, nr. 41			
Mashhad	Astan Quds Razavi	13735/2		Extract in majmūʿa?		1134	1721							https://digital.aqr.ir/newindex.aspx?pid=6&ID=3453263&Complete=1&CBNID=993fe309-8dfd-41ea-a0ff-589ec904c106		
Mashhad	Astan Quds Razavi	22759	Rasāʾil ikhwān al-ṣafāʾ 	Partial (up to 4.3.)	Arabic								Fehrestegan 16:420, nr. 42			
Mashhad	Astan Quds Razavi	23432	Rasāʾil ikhwān al-ṣafāʾ 	Extract/summary		1058	1648			Iran					NLAI	
Mashhad	Astan Quds Razavi	24175	Mujmal al-ḥikma	Full				10th/16th C					Fehrestegan 28:315, no. 8			
Mashhad	Astan Quds Razavi	26338 	Mujmal al-ḥikma	Full									Fehrestegan 28:320, no. 67			
Mashhad	Astan Quds Razavi	27516		Persian translation 				13th/19th C			Moqaddasi b. Nasr ū-Dīgerān				NLAI	
Mashhad	Astan Quds Razavi	27804	Rasāʾil ikhwān al-ṣafāʾ 	Full?	Arabic			12th/18th C						https://digital.aqr.ir/newindex.aspx?pid=6&ID=3437187&CBNID=efc057d4-00ae-4be7-9112-3e8dba489c9a		
Mashhad	Astan Quds Razavi	34773		Persian translation		1263	1846							https://digital.aqr.ir/newindex.aspx?pid=6&ID=3469130&Complete=1&CBNID=7042d36c-c892-4b6f-b776-2fda92fe626f		
Mashhad	Astan Quds Razavi	37654 	Mujmal al-ḥikma	Mujmal al-ḥikma (Persian)				12th/18th C					Webstie AQR			
Mashhad	Astan Quds Razavi	402	Persian translation	Full copy?	Persian									https://digital.aqr.ir/newindex.aspx?pid=6&ID=3440886&Complete=1&CBNID=6220ce26-2767-449c-9da3-778c312c957d		
Mashhad	Astan Quds Razavi	526	Rasāʾil ikhwān al-ṣafāʾ 	Full		1238	1822				Aḥmad b. Muḥammad ʿAlī Iṣfahānī		Fehrestegan 16:419			
Mashhad	Astan Quds Razavi	527	Rasāʾil ikhwān al-ṣafāʾ 	Full 	Arabic	1097	1685				ʿAbdallāh Baḥrānī				Catalogue	
Mashhad	Astan Quds Razavi	528	Rasāʾil ikhwān al-ṣafāʾ 	Partial (13 of Qism 1, 2 of Qism 3)		1265	1848				Rajab ʿAlī b. ʿAbdallāh Iṣfahānī	Copied for prince Imamqoli Mīrzā, ruler of Kermanshāh (r. 1268-92)	Fehrestegan 16:419			
Mashhad	Astan Quds Razavi	529	Rasāʾil ikhwān al-ṣafāʾ 	Partial (2.8-2.17)									Fehrestegan 16:419-20, nr. 40			
Mashhad	Astan Quds Razavi	5500	Mujmal al-ḥikma	Extract 	Persian								Fehrestegan 2:554			
Mashhad	Astan Quds Razavi	6920	Mujmal al-ḥikma	Full copy	Persian	1240	1824						Fehrestegan 28:318, no. 49			
Mashhad	Astan Quds Razavi	8756	Mujmal al-ḥikma 	Full copy	Persian	971	1564						Fehrestegan 28:315, no. 6			
Mashhad	Dānishgāh-i IIllāhiyāt (Ferdowsi)	14761	Rasāʾil ikhwān al-ṣafāʾ 	Partial (qism 1 & 2)		1080	1669						Fehrestegan 16:419			http://manuscript.um.ac.ir/moreinfo-1736-pg-1.html
Mashhad	Dānishgāh-i IIllāhiyāt (Ferdowsi)	203	Rasāʾil ikhwān al-ṣafāʾ 	Partial (13 epistles of qism 1)				8th-9th/14th-15th C 					Fehrestegan 16:417			http://manuscript.um.ac.ir/moreinfo-240-pg-2.html
Mashhad	Dānishgāh-i IIllāhiyāt (Ferdowsi)	429	Mujmal al-ḥikma	Full copy		937	1530						Fehrestegan 28:315, no. 5			http://manuscript.um.ac.ir/moreinfo-491-pg-110.html
Mashhad	Goharshād Mosque 	1742	Mujmal al-ḥikma	Full copy	Persian	1038	1629						Fehrestegan 28:316, nr. 22			
Mashhad	Goharshād Mosque 	256	Mujmal al-ḥikma 	Full copy	Persian			13th/19th C					Fehrestegan 28:318, no. 46			
Mashhad	Maybadī	334	Mujmal al-ḥikma	Full copy	Persian			11th/17th C					Fehrestegan 28:316, nr. 21			
Mashhad	Shaykh ʿAlī Ḥaydar	1272	Mujmal al-ḥikma	Full copy	Persian			pre-1278 AH					Fehrestegan 28:320, no. 66			
Masyaf	Private library?	?	Risālat jāmiʿat al-jāmiʿa	Full copy?											Tamir ed.	
Medina	ʿĀrif Ḥikmet Library 	266/3 	Mujmal al-ḥikma 	Extract (?) in majmūʿa											Danishpazhuh ed.	
Milan	Ambrosiana	& 118 Sup	Rasāʾil ikhwān al-ṣafāʾ 	Extracts in majmūʿa (2.8-2.10)				7th/13th C						https://ambrosiana.comperio.it/opac/detail/view/ambro:catalog:104324	Vidi	https://digitallibrary.unicatt.it/veneranda/0b02da82800877bd
Milan	Ambrosiana	1518 (incorrect call number, TBC)	Rasāʾil ikhwān al-ṣafāʾ 	Four rasāʾil		795	1392				Muḥammad b. Sulaymān b. Muḥammad al-ʿArjī 				Catalogue	
Milan	Ambrosiana	C 93	Rasāʾil ikhwān al-ṣafāʾ; Risālat jāmiʿat al-jāmiʿa	Partial (2.9-2.13 + 1.9) + Risalat Jami'at al-jami'a		1055	1645								Vidi	
Milan	Ambrosiana	X 82 sup.	Rasāʾil ikhwān al-ṣafāʾ 	Partial (epistles 1-6)				7th/13th C							Vidi	
Mosul	Madrasa al-Aḥmadiyya (Maktabat al-awqāf al-ʿāmma) 	19/4		Extract or fragment										https://digitallibrary.al-furqan.com/our_is_item/manid/1948892/groupid/0	NLAI	
Mumbai	Mulla Firuz Library	Supplement Logic and Philosophy V.1 	Mujmal al-ḥikma	Full? 									https://gallica.bnf.fr/ark:/12148/bpt6k935295j/f151.item 			
Mumbai	University Library	Fyzee 3	Rasāʾil ikhwān al-ṣafāʾ 	Partial (first two aqsām)									Goriawala catalogue			
Mumbai	University Library	Fyzee 4	Rasāʾil ikhwān al-ṣafāʾ 	Partial (qism 2)									Goriawala catalogue			
Mumbai	University Library	Fyzee 5	Rasāʾil ikhwān al-ṣafāʾ 	Partial (qism 3)									Goriawala catalogue			
Mumbai	University Library	Fyzee 6	Rasāʾil ikhwān al-ṣafāʾ 	Partial (qism 4)									Goriawala catalogue			
Mumbai	University Library	Fyzee 7	Rasāʾil ikhwān al-ṣafāʾ 	Extracts in majmūʿa (rasāʾil 26, 27)									Goriawala catalogue			
Mumbai	University Library	Fyzee 8	Risālat al-jāmiʿa	Vol. 2 only									Goriawala catalogue			
Mumbai	University Library	Fyzee 9	Risālat jāmiʿat al-jāmiʿa	Risālat jāmiʿat al-jāmiʿa fī l-ḥaqāʾiq 		1270	1854			India?	ʿAbd al-Qādir b. Māmā Jaʿfarjī b. Nūrbhāʾī		Goriawala catalogue			
Mumbai	University Library	16	Rasāʾil ikhwān al-ṣafāʾ 	Full copy		1297	1880				ʿAbd al-Karīm b. Nāṣir Abī Ismāʿīl		Khān Bahādur, Descriptive catalogue of the Arabic, Persian and Urdu manuscripts in the library of the University of Bombay (Bombay: University of Bombay, 1935), pp. 283-5.	https://archive.org/details/in.gov.ignca.4541/page/n345/mode/2up	Ali-de-Unzaga	
Munich	Bayerische Staatsbibliothek	Cod.arab. 652	Rasāʾil ikhwān al-ṣafāʾ 	Full copy				12th/18th C		Istanbul	Copied for ʿAbd al-Raḥman al-Jabartī 			https://www.qalamos.net/receive/DE12Book_manuscript_00003819		
Munich	Bayerische Staatsbibliothek	Cod.arab. 653	Risālat al-Jāmiʿa					pre-1188AH						https://www.qalamos.net/receive/DE12Book_manuscript_00002928		
Munich	Bayerische Staatsbibliothek	Cod.arab. 654	Rasāʾil ikhwān al-ṣafāʾ 	Full copy				13th/19th C		Paris?	Michel Sabbâgh			https://www.qalamos.net/receive/DE12Book_manuscript_00000532		
Munich	Bayerische Staatsbibliothek	Cod.arab. 655	Rasāʾil ikhwān al-ṣafāʾ 	Risāla 21 (case of animals vs. men)						India				https://www.qalamos.net/receive/DE12Book_manuscript_00000529		
Najaf	Amīr al-Muʾminīn Library	1404	Mujmal al-ḥikma	Full copy?		1110	1698				Muḥammad Shafīʿ b. Muḥammad Muqayyim Ardakānī			http://manuscripts.ir/fa/library-3/90-news/%D9%85%D9%82%D8%A7%D9%84%D8%A7%D8%AA/4156-%D9%86%D8%B3%D8%AE-%D8%AE%D8%B7%DB%8C-%DA%A9%D8%AA%D8%A7%D8%A8%D8%AE%D8%A7%D9%86%DB%80-%D8%A7%D9%85%DB%8C%D8%B1%D8%A7%D9%84%D9%85%D8%A4%D9%85%D9%86%DB%8C%D9%86-%D8%B9%D9%84%DB%8C%D9%87-%D8%A7%D9%84%D8%B3%D9%84%D8%A7%D9%85		
Najaf	Kāshif al-Ghiṭāʾ al-ʿĀmmā Library	555	Bilingual Persian-Arabic text أجوبة مسائل اخوان الصفا by Kāẓim al-Rashtī (d. 1843)	Potentially unrelated		1237	1821				Aḥmad al-Khurāsānī 				Excel library catalogue/NLAI	
Najaf	Library of Ayatollah Jaʿfar Baḥr al-ʿUlūm	41	Mujmal al-ḥikma	Full copy?				before 1282/1865-6				Owned by Qajar prince Farhād Mīrzā 	Catalogue p. 44	https://books.rafed.net/view.php?type=c_fbook&b_id=4144&search=%D9%85%D8%AC%D9%85%D9%84%20%D8%A7%D9%84%D8%AD%D9%83%D9%85%D8%A9		
Najaf	Madrasa al-Sharabyānī	1	Rasāʾil ikhwān al-ṣafāʾ 	Full 		1245	1829			Isfahan? 	"al-kātib al-iṣfahānī" 				NLAI	
New Haven	Yale Beinecke Library	Arabic MSS 532	Rasāʾil ikhwān al-ṣafāʾ 	Extract in majmūʿa (risāla 11)	Arabic			ca.1800						https://hdl.handle.net/10079/bibid/3786706		
New York City	Jewish Theological Seminary	ENA 4193.2-10	Rasāʾil ikhwān al-ṣafāʾ 	Nine folios from epistle on senses preserved in the Geniza												
New York City	New York Public Library	V.161/M&A 51871A	Rasāʾil ikhwān al-ṣafāʾ 	Partial (fihrist, Aqsam 1 & 2)	Arabic			8th/14th C (GVDB thinks rather 16th)							Vidi	
Oman (Muscat?)	Ministry of Culture (?)	2350	Rasāʾil ikhwān al-ṣafāʾ 	Full copy?										https://manuscripts.om/ar/product/%d8%b1%d8%b3%d8%a7%d8%a6%d9%84-%d8%a5%d8%ae%d9%88%d8%a7%d9%86-%d8%a7%d9%84%d8%b5%d9%81%d8%a7%d8%a1-%d9%88%d8%ae%d9%84%d8%a7%d9%86-%d8%a7%d9%84%d9%88%d9%81%d8%a7%d8%a1/		
Oxford	Bodleian	Fraser 180	Rasāʾil ikhwān al-ṣafāʾ 	Extract in majmūʿa										https://www.fihrist.org.uk/catalog/manuscript_954	Vidi	
Oxford	Bodleian	Huntington 296	Rasāʾil ikhwān al-ṣafāʾ 	Partial (Aqsām 1-3)										https://www.fihrist.org.uk/catalog/manuscript_11128	Vidi	
Oxford	Bodleian	Ind. Inst. Arab. 14	Rasāʾil ikhwān al-ṣafāʾ 	Risāla 8 (partial) + Persian glosses		1234	1828			Yerevan?				https://www.fihrist.org.uk/catalog/manuscript_11308	Vidi	
Oxford	Bodleian	Laud Or. 255	Rasāʾil ikhwān al-ṣafāʾ 	Full		803	1401					Owned by al-Taqawī (see Benedikt Reier)		https://www.fihrist.org.uk/catalog/manuscript_11415	Vidi	
Oxford	Bodleian	Laud Or. 260	Rasāʾil ikhwān al-ṣafāʾ 	Full		968	1560				al-Qadīr Aḥmad b. ʿAlī al-Saʿūdī 			https://www.fihrist.org.uk/catalog/manuscript_11418	Vidi	https://digital.bodleian.ox.ac.uk/objects/12fcf5c5-2bb0-4e0e-b8a9-7620bd6bec90/surfaces/11190962-b12e-4c1e-89e3-eec40796ec62/
Oxford	Bodleian	Marsh 189	Rasāʾil ikhwān al-ṣafāʾ 	Full		981	1574							https://www.fihrist.org.uk/catalog/manuscript_11544	Vidi	
Oxford	Bodleian	Marsh 502	Risālat al-Jāmiʿa	Partial										https://www.fihrist.org.uk/catalog/manuscript_11768	Vidi	
Oxford	Bodleian	Marsh 524 	Rasāʾil ikhwān al-ṣafāʾ 	Extract in majmūʿa (Three Rasāʾil)				9th/15th C		Mecca?				https://www.fihrist.org.uk/catalog/manuscript_1127	Vidi	
Oxford	Bodleian	Pococke 178	Rasāʾil ikhwān al-ṣafāʾ 	Partial (Part 2), appears to be christianised		947	1541				Jirjis al-ḥakīm			https://www.fihrist.org.uk/catalog/manuscript_1415		
Oxford	Bodleian	Pococke 261	Rasāʾil ikhwān al-ṣafāʾ 	Partial (Aqsām 3-4)				before 869/1464						https://www.fihrist.org.uk/catalog/manuscript_1469		
Oxford	Bodleian	Pococke 342	Rasāʾil ikhwān al-ṣafāʾ 	Partial (Rasāʾil 32-51)				before 1038/1629						https://www.fihrist.org.uk/catalog/manuscript_1529	Vidi	
Oxford	Bodleian	S. Digby Or. 109 	Mujmal al-ḥikma	Full		1095	1684							https://www.fihrist.org.uk/catalog/manuscript_4906	Vidi	
Paris	Bibliothèque nationale de France	Arabe 213	Rasāʾil ikhwān al-ṣafāʾ 	Extract in majmūʿa (selections of epistles 26 and 18)	Arabic		1602			Egypt					La Spisa, Paolo. “Deux fragments des Iḫwān al-Ṣafā' dans une collection arabe chrétienne”. Le Muséon 123.1-2 (2010): 203-227 [with edition of fragments from Paris ar. 213] 	https://gallica.bnf.fr/ark:/12148/btv1b110040220
Paris	Bibliothèque nationale de France	Arabe 2303	Rasāʾil ikhwān al-ṣafāʾ 	Full		1020	1611									https://gallica.bnf.fr/ark:/12148/btv1b11002481v
Paris	Bibliothèque nationale de France	Arabe 2304	Rasāʾil ikhwān al-ṣafāʾ 	Full		1065	1654			Cairo?	Ḥasan b. ʿAlī b. ʿAlī al-Azharī al-Nashratī					https://gallica.bnf.fr/ark:/12148/btv1b11001979k
Paris	Bibliothèque nationale de France	Arabe 2305	Rasāʾil ikhwān al-ṣafāʾ 	Full		1153	1740				Muḥammad b. ʿĪsā b. Ibrāhīm al-Kūrānī al-Ḥusaynī					https://gallica.bnf.fr/ark:/12148/btv1b110022296
Paris	Bibliothèque nationale de France	Arabe 2306	Risālat al-Jāmiʿa	Partial (vol. 1)												https://gallica.bnf.fr/ark:/12148/btv1b11001760c
Paris	Bibliothèque nationale de France	Arabe 2307	Rasāʾil ikhwān al-ṣafāʾ 	Extract in majmūʿa				11th/17th C								https://gallica.bnf.fr/ark:/12148/btv1b11001980z
Paris	Bibliothèque nationale de France	Arabe 2308	Rasāʾil ikhwān al-ṣafāʾ 	Single risāla 5 (1.5)												https://gallica.bnf.fr/ark:/12148/btv1b110016479
Paris	Bibliothèque nationale de France	Arabe 2309	Rasāʾil ikhwān al-ṣafāʾ; Risālat al-Jāmiʿa	Three rasāʾil + RJ extracts + historiographical material						Maṣyaf?						https://gallica.bnf.fr/ark:/12148/btv1b11001981d
Paris	Bibliothèque nationale de France	Arabe 2341-2344	Rasāʾil ikhwān al-ṣafāʾ 	Full (four MS vols.)		1228	1813									https://gallica.bnf.fr/ark:/12148/btv1b11002003x
Paris	Bibliothèque nationale de France	Arabe 4663	Rasāʾil ikhwān al-ṣafāʾ 	Extract in majmūʿa												https://gallica.bnf.fr/ark:/12148/btv1b100306199
Paris	Bibliothèque nationale de France	Arabe 6000	Rasāʾil ikhwān al-ṣafāʾ 	Partial (Eight first epistles)												https://gallica.bnf.fr/ark:/12148/btv1b10031293r
Paris	Bibliothèque nationale de France	Arabe 6647-6648	Rasāʾil ikhwān al-ṣafāʾ 	Full (two-volume set)				7th/13th C		Yazd						https://gallica.bnf.fr/ark:/12148/btv1b10030496h
Paris	Bibliothèque nationale de France	Persan 131	Mujmal al-ḥikma	Full	Persian	844	1440						Richard, Catalogue des manuscrits persans I, ancien fonds, pp. 178-9			https://gallica.bnf.fr/ark:/12148/btv1b10090181k
Paris	Bibliothèque nationale de France	Persan 162	Mujmal al-ḥikma	Extract (?) in majmūʿa	Persian	848	1444				Šāhīn b. ʿAbd al-Raḥman al-Muḥarrir		Richard, Catalogue des manuscrits persans I, ancien fonds, pp. 154-5			https://gallica.bnf.fr/ark:/12148/btv1b10090181k
Paris	Bibliothèque nationale de France	Supplément Persan 322	Mujmal al-ḥikma	Full	Persian	924	1518				Fakhr al-Dīn b. Muḥammad al-Khunjī 		Richard, Catalogue des manuscrits persans, tôme II, le supplément persan, première partie, pp. 418-9			
Patna 	Khuda Bakhsh Oriental Public Library	2962	Rasāʾil ikhwān al-ṣafāʾ 	Full? 		1190	1776								Catalogue	
Princeton	Princeton University Library	Garett 189Lq	Rasāʾil ikhwān al-ṣafāʾ 	Partial (first ten rasāʾil)		1127	1715				ʻAbd al-Qādir ibn Ṣafāy Chalabī ibn Ṭāhā			https://catalog.princeton.edu/catalog/6357634		
Princeton	Princeton University Library	Garrett 4263Y	Rasāʾil ikhwān al-ṣafāʾ 	Partial (1.1-1.13; 4.8-4.9)		958	1551			Damascus	al-Bakrī al-Dhabāḥ			https://catalog.princeton.edu/catalog/4941772		Yes
Princeton	Princeton University Library	Garrett 52B	Rasāʾil ikhwān al-ṣafāʾ 	Extracts in majmūʿa				12th/18th C		Iran?				https://catalog.princeton.edu/catalog/4680544		
Princeton	Princeton University Library	Garrett 832Y	Rasāʾil ikhwān al-ṣafāʾ 	Extracts in majmūʿa				17th or 18th C		Iran?				https://catalog.princeton.edu/catalog/5571290		
Princeton	Princeton University Library	Islamic Manuscripts, New Series no. 192	Mujmal al-ḥikma	Full	Persian					Iran?				https://catalog.princeton.edu/catalog/6489855		
Princeton	Princeton University Library	Islamic Manuscripts, New Series no. 2005	Rasāʾil ikhwān al-ṣafāʾ 	Extracts in majmūʿa				11th/17th C		Iran?				https://catalog.princeton.edu/catalog/6207642		
Princeton	Princeton University Library	Islamic Manuscripts, New Series no. 418	Rasāʾil ikhwān al-ṣafāʾ 	Extracts in majmūʿa						Iran?				https://catalog.princeton.edu/catalog/6416288		
Princeton	Princeton University Library	Islamic Manuscripts, New Series no. 459	Rasāʾil ikhwān al-ṣafāʾ 	Extracts in majmūʿa		1104	1693			Iran?				https://catalog.princeton.edu/catalog/6766410		
Qadmus	Private library?	?	Risālat jāmiʿat al-jāmiʿa	Full copy?											Edition Tamir	
Qazvin	Imām Ṣādiq	276	Mujmal al-ḥikma 	Partial copy	Persian								Fehrestegan 28:320, no. 62			
Qom	Golpāygānī 	۶۸۵۱-۳۵/۳۱	Rasāʾil ikhwān al-ṣafāʾ 	Full copy		1233	1818				Muḥammad Bāqir b. Muḥammad Ḥusayn Muḥammad Ābādī Jarqawiyya Iṣfahānī		Fehrestegan 16:419, nr. 38			
Qom	Markaz-i iḥyāʾ-i mīrāth	353		Persian translation (acephalous)				11th/17th C		Iran?					NLAI	
Qom	Marʿashī	10454	Mujmal al-ḥikma 	Full copy	Persian	1272	1855						Fehrestegan 28:319 nr. 55			
Qom	Marʿashī	12456	Mujmal al-ḥikma 	Full copy	Persian	1085	1674						Fehrestegan 28:316, no. 24			
Qom	Marʿashī	13421	Versified abridgement of some rasāʾil by Fayḍ Kāshānī					late 11th/17th C		Iran			Fehrestegan 16:422			
Qom	Marʿashī	13660/1	Mujmal al-ḥikma 	Mujmal al-ḥikma (Persian) in majmūʿa		1071	1660			Bastam	Muḥsin b. Muḥammad Bāyazīd Bisṭāmī		Fehrestegan 28:317, no. 30			
Qom	Marʿashī	16163	Mujmal al-ḥikma 	Partial				12th/18th C					Fehrestegan 28:318, no. 43			
Qom	Marʿashī	3716/3		Persian extract in majmūʿa		1097	1685			Iran	Ṣadr al-Dīn Muḥammad Ḥusaynī 		Fehrestegan 16:421, nr. 7			
Qom	Marʿashī	5300	Rasāʾil ikhwān al-ṣafāʾ 	Full copy 				11th/17th C					Fehrestegan 16:417	https://khizana.bibliotheca-arabica.de/#id:M960t7XuSoCUA_E2tCOZ		
Qom	Marʿashī	7568	Risālat al-Jāmiʿa	Full copy?				11th/17th C					Fehrestegan 16:478, no. 4			
Qom	Marʿashī	7869-7870	Rasāʾil ikhwān al-ṣafāʾ 	Full copy (two volumes)		848	1444				Maḥmūd b. Dawlatkhān Wāhiyāri Dakkawī (only noted on 7870)		Fehrestegan 16:416-7	https://khizana.bibliotheca-arabica.de/#id:KiadF6zBrp8333fyrB3j		
Qom	Masjid-i Aʿẓam	1397	Mujmal al-ḥikma 	Mujmal al-ḥikma (Persian) 				pre-1198 AH					Fehrestegan 28:320, no. 59			
Qom	Masjid-i Aʿẓam	1830	Mujmal al-ḥikma 	Mujmal al-ḥikma (Persian) 									Fehrestegan 28:320, no. 60			
Qom 	Golpāygānī	۲۵/۱۴۶-۵۰۵۶/۱۱	Mujmal al-ḥikma 	Mujmal al-ḥikma (Persian)				13th/19th C					Fehrestegan 28:318, no. 47			
Qom 	Golpāygānī	4/174-704	Mujmal al-ḥikma 	Mujmal al-ḥikma (Persian)				11th/17th C					Fehrestegan 28:316, no. 15			
Qom 	Golpāygānī 	۵۸۷/۲-۴/۵۷	Risālat al-Jāmiʿa	Full copy?							Muḥammad ʿAlī Ḥusaynī		Fehrestegan 16:419, nr 37			
Rabat 	Bibliothèque nationale du royaume de Maroc	al-Khizāna al-kattāniyya 365 	Rasāʾil ikhwān al-ṣafāʾ 	Partial (qism one)		619	1222			Konya	Ismāʿīl b. ʿUmar b. Badl al-khaṭīb al-D-m-ḥ-rqani			http://alnadeem-mss.malecso.org/cgi-bin/koha/opac-detail.pl?biblionumber=121910&query_desc=kw%2Cwrdl%3A%20%D8%B1%D8%B3%D8%A7%D8%A6%D9%84%20%D8%A7%D8%AE%D9%88%D8%A7%D9%86%20%D8%A7%D9%84%D8%B5%D9%81%D8%A7	Vidi (scan)	
Rampur	Raza Library	3473/651 D.	Rasāʾil ikhwān al-ṣafāʾ 	Full				10th/16th C							Catalogue	
Rampur	Raza Library	3474/19 M.	Rasāʾil ikhwān al-ṣafāʾ 	Full				11th/17th C							Catalogue	
Rampur	Raza Library	3475/330D. 	Rasāʾil ikhwān al-ṣafāʾ 	Partial (qism 1)		1140	1727								Catalogue	
Riyadh	al-Jāmiʿa al-imām Muḥammad b. Saʿūd al-islāmiyya	6671 (?)	Mukhtaṣar Rasāʾil ikhwān al-ṣafāʾ	An abridgement of Rasāʾil ikhwān al-ṣafāʾ (60 folios)	Arabic									https://eservices.kfnl.gov.sa:8060/mans/Home/Details/bc2225aa-bb9b-50d2-74c7-41d3e1f8a02a		
Riyadh	King Faisal Center	00019	Rasāʾil ikhwān al-ṣafāʾ 	Partial		1054	1644				Aḥmad b. Sharaf al-Dīn	Copied for wālī Ḥasan Bāshā		https://library.kfcris.com/cgi-bin/koha/opac-detail.pl?biblionumber=961189		
Riyadh	King Faisal Center	2674	Rasāʾil ikhwān al-ṣafāʾ 	?	Arabic	1289	1872			Acre				https://digitallibrary.al-furqan.com/our_is_item/manid/1066428/groupid/0		
Riyadh	King Faisal Center	00020 	Rasāʾil ikhwān al-ṣafāʾ 	Partial				11th/17th C						https://library.kfcris.com/cgi-bin/koha/opac-detail.pl?biblionumber=959077		
Riyadh 	Maktabat Muḥammad b. ʿAbd al-Raḥmān al-ʿUbaykān	92	Rasāʾil ikhwān al-ṣafāʾ (?)	?	Arabic	1245	1829				Manṣūr b. Anwar ʿAlī 			https://digitallibrary.al-furqan.com/our_is_item/manid/2186892/groupid/0		
Salamiyya	?	(no number)	Risālat jāmiʿat al-jāmiʿa	Full? 											Non vidi (Tamir)	
Salamiyya	Private amir library	(no number)	Risālat jāmiʿat al-jāmiʿa	Full? 		1241	1825								Non vidi (Saliba)	
Salamiyya	Private collection	(no number)	Risālat jāmiʿat al-jāmiʿa	Full? 		1349	1930				Ibrāhim Qāsim Aḥmad ‘Aṭiyya			https://www.ehumanista.ucsb.edu/sites/secure.lsit.ucsb.edu.span.d7_eh/files/sitefiles/ivitra/volume8/3.monograficIII/3_Kacimi.pdf		
Sanaa	Dār al-Makhṭūṭāt wa-l-Maktabat al-Gharbiyya bi-l-Jāmiʿ al-Kabīr	2202	Rasāʾil ikhwān al-ṣafāʾ 	Partial copy (qism 4, 14 epistles)	Arabic	1292	1875				Yaḥyā b. Muḥammad			https://digitallibrary.al-furqan.com/our_is_item/manid/1659418/groupid/0		
Shiraz	National Library 	110	Mujmal al-ḥikma 	Partial copy (acephalous MS)	Persian										Danishpazhuh ed.	
Shiraz	ʿAlāma Ṭabāṭabāʾī	1261	Mujmal al-ḥikma 	Full?	Persian			11th/17th C					Fehrestegan 28:316, no. 13			
Shiraz	ʿAlāma Ṭabāṭabāʾī	1262	Mujmal al-ḥikma 	Full?	Persian			11th/17th C					Fehrestegan 28:316, no. 12			
St. Petersburg	Institute of Oriental Studies	Arabic Manuscripts B 1029	Rasāʾil ikhwān al-ṣafāʾ 	Single risala in majmūʿa										https://ismi.mpiwg-berlin.mpg.de/codex/375534		
St. Petersburg	National Library of Russia	Firkovich Yevr.-Arab I 3145	Rasāʾil ikhwān al-ṣafāʾ 	Fragment of Risāla on Magic (52b) in Judeo-Arabic				7th-8th/13th-14th C		Cairo?					Ehud Krinis	
St. Petersburg	National Library of Russia	Firkovich Yevr.-Arab II 1193, 55, 1060, 448 & Yevr-Arab 1213	Risālat al-Jāmiʿa	51 pages in Judeo-Arabic				Before 16th C		Cairo?					Ehud Krinis	
Tabriz	Central University Library	561	Risālat al-Jāmiʿa	Full?		1307	1889								NLAI	
Tabriz	Edebiyat University Library	8	Risālat al-Jāmiʿa	Full?		1037	1627						Fehrestegan 16:478, no. 5			
Tabriz	Khādim Ḥusaynī	30	Rasāʾil ikhwān al-ṣafāʾ 	Partial		670	1271						Fehrestegan 16:416			
Tabriz	National Library	3409		Persian translation of one risala	Persian	1057	1647			Bandar al-Sūriyyeh (?)	Mu'izz al-Din Mu'izz al-Mulk				NLAI	
Tashkent 	Biruni Institute	13236/4 and 5	Mujmal al-ḥikma	Extracts in majmūʿa	Persian	1269	1852				اوراض على مخذوم بن صفا مخذوم گورلانلی			http://scam.beruni.uz/scam/items/19638 and http://scam.beruni.uz/scam/items/19639		
Tashkent 	Biruni Institute	560	Rasāʾil ikhwān al-ṣafāʾ 	Partial (3.13-end?)		637	1240				Muḥammad b. Masʿūd b. Aḥmad al-Bukhārī 			http://scam.beruni.uz/scam/items/1344		
Tbilisi	Georgian National Center of Manuscripts	Oriental Collection 54	Mujmal al-ḥikma	Full?	Persian	1031	1621							http://astronomicalmanuscripts.ge/persian%20manuscripts.html		
Tehran	Anjumān-e āthār ve-mafākhir-i farhangī	100	Mujmal al-ḥikma	Mujmal al-ḥikma (Persian)									Fehrestegan 28:315, no. 3			
Tehran	Dā’irat al-maʿārif-i buzurg-i islāmī 	113 	Mujmal al-ḥikma	Mujmal al-ḥikma		1059	1649								Catalogue	
Tehran	Dā’irat al-maʿārif-i buzurg-i islāmī 	1662 ʿaksī 	Rasāʾil ikhwān al-ṣafāʾ 	Full, but may be a microfilm		1075	1664								Catalogue	
Tehran	Dā’irat al-maʿārif-i buzurg-i islāmī 	1700	Risālat al-Jāmiʿa	Full copy?		684	1285				Muḥammad b. Muḥammad al-muṭabbib al-Dimashqī 				NLAI	
Tehran	Dā’irat al-maʿārif-i buzurg-i islāmī 	1847 ʿaksī	Mujmal al-ḥikma	Mujmal al-ḥikma (Persian) (microfilm?)				10th-11th/16th-17th C							Catalogue	
Tehran	Dā’irat al-maʿārif-i buzurg-i islāmī 	80/10 	Mujmal al-ḥikma	Mujmal al-ḥikma		1279	1862				Kāẓim b. Āghā Kūchik Khāmūsh Iṣfahānī 				Catalogue	
Tehran	Dā’irat al-maʿārif-i buzurg-i islāmī 	823 ʿaksī 	Rasāʾil ikhwān al-ṣafāʾ 	Full, but may be a microfilm				7th/13th C							NLAI	
Tehran	Dānishgāh-i Adabiyyat Library	120 D	Mujmal al-ḥikma	Mujmal al-ḥikma (Persian) 		1046					Muḥammad Rabīʿ b. ʿĀrif Fīrūzābādī 				Catalogue	
Tehran	Dānishgāh-i Adabiyyat Library	29/90 D 		Extract in majmūʿa		700	1300						Fehrestegan 16:416			
Tehran	Dānishgāh-i Adabiyyat Library	336/7 ḥikmat	Rasāʾil ikhwān al-ṣafāʾ 	Extract in majmūʿa (11th risala)		1276	1860			Tehran					Catalogue	
Tehran	Dānishgāh-i Adabiyyat Library	78/16 J		Extract in majmūʿa		1063	1652								NLAI	
Tehran	Doctor Yūsuf Nīrī (private library?)	Unknown number 	Mujmal al-ḥikma	Full?	Persian										Danishpazhuh ed.	
Tehran	Fakhr al-Dīn Naṣīrī (private library?)	324	Mujmal al-ḥikma	Full?	Persian	1048	1638								Danishpazhuh ed.	
Tehran	Golestan	189/2	Mujmal al-ḥikma	Full?	Persian	1056	1642								Danishpazhuh ed.	
Tehran	K. Markazī Dānishgāh-i Tehrān	1113/16	Mujmal al-ḥikma	Extracts from Mujmal al-ḥikma in majmūʿa									Fehrestegan 28:320, no. 61			
Tehran	K. Markazī Dānishgāh-i Tehrān	1155 	Rasāʾil ikhwān al-ṣafāʾ 	Full copy		968	1561			Cairo	Muḥammad b. Muḥammad b. Bahāʾ al-Dīn Anṣārī Hawī		Fehrestegan 16:417			
Tehran	K. Markazī Dānishgāh-i Tehrān	2271/5	Mujmal al-ḥikma	Mujmal al-ḥikma in majmūʿa		1270	1853						Fehrestegan 28:319 nr. 54			
Tehran	K. Markazī Dānishgāh-i Tehrān	302/1	Mujmal al-ḥikma	Mujmal al-ḥikma in majmūʿa		1111	1700				Muḥammad Kāẓim b. Muḥammad Ḥusayn Ḥusaynī Maḥallātī		Fehrestegan 28:318, no. 44			
Tehran	K. Markazī Dānishgāh-i Tehrān	3444	Mujmal al-ḥikma	Full copy?		1031	1622						Fehrestegan 28:313, no. 1			
Tehran	K. Markazī Dānishgāh-i Tehrān	3708/2	Rasāʾil ikhwān al-ṣafāʾ 	Extract in majmūʿa		1009	1600			Jabal Kara (Hijaz)			Fehrestegan 16:417			
Tehran	K. Markazī Dānishgāh-i Tehrān	43/643 F 		Extract in majmūʿa											NLAI	
Tehran	K. Markazī Dānishgāh-i Tehrān	5595	Rasāʾil ikhwān al-ṣafāʾ 	Persian translation of risala on animals by Mīrzā Aḥmad Waqār 	Persian	1277	1860					Donated to Nāṣir al-Dīn Shāh			Aghabozorg.ir	
Tehran	K. Markazī Dānishgāh-i Tehrān	5638/1	Mujmal al-ḥikma	Mujmal al-ḥikma 		1260	1844						Fehrestegan 28:319 nr. 53			
Tehran	K. Markazī Dānishgāh-i Tehrān	6360/2		Extract in Persian in majmūʿa		992	1584				Bahāʾ al-Dīn Sharīf Āmilī 	Donated to Shāh 'Abbas when stil prince			Aghabozorg.ir	
Tehran	K. Markazī Dānishgāh-i Tehrān	6687	ʿAwn ikhwān al-ṣafāʾ ʿalā fahm kitāb al-shifāʾ 	Perhaps not Ikhwan related		1000	1591								Aghabozorg.ir	
Tehran	K. Markazī Dānishgāh-i Tehrān	7485 	Rasāʾil ikhwān al-ṣafāʾ 	Partial (qism 2)		1129	1717						Fehrestegan 16:418			
Tehran	K. Markazī Dānishgāh-i Tehrān	7581 		Extract in majmūʿa											aghabozorg.ir	
Tehran	K. Markazī Dānishgāh-i Tehrān	7624/3 	Mujmal al-ḥikma	Excerpts from Mujmal al-ḥikma in majmūʿa		1244	1829				Muḥammad Walī b. Ḥusayn		Fehrestegan 28:319 nr. 51			
Tehran	K. Markazī Dānishgāh-i Tehrān	7624/8 	Mujmal al-ḥikma	Excerpts from Mujmal al-ḥikma in majmūʿa		1245	1829				Muḥammad Walī b. Ḥusayn & Ḥājīlrī Astarābādī 		Fehrestegan 28:319 nr. 52			
Tehran	K. Markazī Dānishgāh-i Tehrān	8340	Mujmal al-ḥikma	Mujmal al-ḥikma 		1073	1662			Mashhad	ʿAbdallāh b. Muḥammad Taqī 		Fehrestegan 28:317, no. 33			
Tehran	Lughat Nāme Dehkhodā	166 	Risālat al-Jāmiʿa	Full copy?		678? (or 10th-11th C)				Konya?			Fehrestegan 16:417			
Tehran	Lughat Nāme Dehkhodā	214/2 (or 21?) 	Mujmal al-ḥikma	Full cop				late 12th/18th C			Luṭf ʿAlī b. ʿAbdallāh b. Luṭf ʿAlī Sāwjī		Fehrestegan 28:317, no. 39			
Tehran	Mahdawi	271/1	Mujmal al-ḥikma	Mujmal al-ḥikma in majmūʿa		1273	1856						Catalogue			
Tehran	Mahdawi	417	Rasāʾil ikhwān al-ṣafāʾ 	Partial (most of qism 1)				10th or 11th C					Fehrestegan 16:417, no. 15			
Tehran	Mahdawi	7437	Rasāʾil ikhwān al-ṣafāʾ 	Full?		640	1242			Shahrabad? 					Non vidi (Institute of Ismaili Studies)	
Tehran	Mahdawi	851	Rasāʾil ikhwān al-ṣafāʾ 	Partial (first qism)				11th/17th C					Fehrestegan 16:417, no. 11			
Tehran	Majlis-i Shūrā Library	10190/9		Extract in majmūʿa 		1019	1610						Fehrestegan 16:417-8, no. 19			
Tehran	Majlis-i Shūrā Library	104/5412	Mujmal al-ḥikma	Mujmal al-ḥikma	Persian	907	1501						Fehrestegan 16:420, no. 1 - filed under tarjama			
Tehran	Majlis-i Shūrā Library	112	Mujmal al-ḥikma	Mujmal al-ḥikma (Persian), incomplete	Persian	667	1268			Hari, near Rudbar			Fehrestegan 28:315, no. 1			
Tehran	Majlis-i Shūrā Library	11292/13	Mujmal al-ḥikma	Extract in majmūʿa (10 folios)	Persian	1083	1672						Fehrestegan 28:317, no. 36			
Tehran	Majlis-i Shūrā Library	12574/3 	Mujmal al-ḥikma	Mujmal al-ḥikma partial (3 epistles) in majmūʿa									Fehrestegan 28:320, no. 65			
Tehran	Majlis-i Shūrā Library	1278 Ṭ	Rasāʾil ikhwān al-ṣafāʾ 	Full		1208	1793				Mīrzā Ḥusayn b. Aḥmad Kurjī		Fehrestegan 16:419, nr. 34			
Tehran	Majlis-i Shūrā Library	1358/1		Single risala, but potentially not from Rasa'il									Fehrestegan 16:420, nr. 45			
Tehran	Majlis-i Shūrā Library	15232/25	Muntakhab rasāʾil Ikhwān al-ṣafāʾ	An abridgement of the Rasāʾil by Muẓaffar Ḥusayn b. Muḥammad Amīn Kāshānī		1035	1626			Isfahan					NLAI	
Tehran	Majlis-i Shūrā Library	1555	Rasāʾil ikhwān al-ṣafāʾ 	Full - however, likely a mistaken identifier		968	1561								Ali-de-Unzaga	
Tehran	Majlis-i Shūrā Library	166	Mujmal al-ḥikma	Mujmal al-ḥikma	Persian			11th/17th C					Fehrestegan 28:315, no. 11			
Tehran	Majlis-i Shūrā Library	1829	Risālat al-Jāmiʿa	Full copy?				12th/18th C					Fehrestegan 16:478, no. 6			
Tehran	Majlis-i Shūrā Library	1831	Rasāʾil ikhwān al-ṣafāʾ 	Partial (4.1-4.5)		621	1224				Mubārak Pesar ʿAbdallāh ghulām Najīb al-Dīn Mazīdī 		Fehrestegan 16:416	http://alnadeem-mss.malecso.org/cgi-bin/koha/opac-detail.pl?biblionumber=120093&query_desc=kw%2Cwrdl%3A%20%D8%B1%D8%B3%D8%A7%D8%A6%D9%84%20%D8%A7%D8%AE%D9%88%D8%A7%D9%86%20%D8%A7%D9%84%D8%B5%D9%81%D8%A7		
Tehran	Majlis-i Shūrā Library	2097	Mujmal al-ḥikma	Mujmal al-ḥikma (Persian)		1062	1652				ʿAlī Khān b. ʿAlī Bayk		Fehrestegan 28:317, no. 29			
Tehran	Majlis-i Shūrā Library	2098	Mujmal al-ḥikma	Mujmal al-ḥikma (Persian)		1112	1701						Fehrestegan 28:318, no. 45			
Tehran	Majlis-i Shūrā Library	2361 Sh		Extracts in majmūʿa (2 aqsam?)		1302	1884								Aghabozorg.ir	
Tehran	Majlis-i Shūrā Library	278/41s		Extract in majmūʿa (Persian)				11th/17th C								https://ketabpedia.com/%D8%AA%D8%AD%D9%85%D9%8A%D9%84/%d8%af%d9%88-%d8%a8%d9%86%d8%af-%d8%a7%d8%b2-%d8%b1%d8%b3%d8%a7%d8%a6%d9%84-%d8%a7%d8%ae%d9%88%d8%a7%d9%86-%d8%a7%d9%84%d8%b5%d9%81%d8%a7%d8%a1/
Tehran	Majlis-i Shūrā Library	3251	Mujmal al-ḥikma	Mujmal al-ḥikma (Persian)		1244	1824						Fehrestegan 28:319 nr. 50			
Tehran	Majlis-i Shūrā Library	4708	Rasāʾil ikhwān al-ṣafāʾ 	Full copy		686	1287			Baghdad	Khalīl b. Yūsuf b. Salār b. ʿAlī		Fehrestegan 16:416	http://alnadeem-mss.malecso.org/cgi-bin/koha/opac-detail.pl?biblionumber=120099&query_desc=kw%2Cwrdl%3A%20%D8%B1%D8%B3%D8%A7%D8%A6%D9%84%20%D8%A7%D8%AE%D9%88%D8%A7%D9%86%20%D8%A7%D9%84%D8%B5%D9%81%D8%A7		
Tehran	Majlis-i Shūrā Library	4868/19-20	Mujmal al-ḥikma	Extracts in majmūʿa				13th/19th C					Danishpazhuh ed			
Tehran	Majlis-i Shūrā Library	5224	Mujmal al-ḥikma	Mujmal al-ḥikma (Persian)		1072	1662			Mashhad	Muḥammad Taqī		Fehrestegan 28:317, no. 32			
Tehran	Majlis-i Shūrā Library	5255	Rasāʾil ikhwān al-ṣafāʾ 	Partial (10 rasail, start 2.11 end 4.5)		607	1210						Fehrestegan 16:416		Aghabozorg.ir	
Tehran	Majlis-i Shūrā Library	6523/3		Extracts in majmūʿa (Persian)									Fehrestegan 16:421 nr 9			
Tehran	Majlis-i Shūrā Library	6895/1	Mujmal al-ḥikma	Mujmal al-ḥikma (Persian)				12th/18th C					Fehrestegan 28:318, no. 42			
Tehran	Majlis-i Shūrā Library	9040	Mujmal al-ḥikma	Mujmal al-ḥikma (Persian)				11th/17th C					Fehrestegan 28:316 nr 14			
Tehran	Majmūʿa-yi Ḥusayn Miftāḥ 	477 	Rasāʾil ikhwān al-ṣafāʾ 	One epistle in majmūʿa				13th/19th C							Aghabozorg.ir	
Tehran	Malek	1056/1	Mujmal al-ḥikma	Mujmal al-ḥikma (Persian)		667	1268						Fehrestegan 28:313, no. 2			
Tehran	Malek	1197	Mujmal al-ḥikma	Mujmal al-ḥikma (Persian)				11th/17th C					Fehrestegan 28:315, no. 9			
Tehran	Malek	1280	Risālat al-Jāmiʿa	Full copy?				9th/15th C					Fehrestegan 16:478, no. 3			
Tehran	Malek	1477	Rasāʾil ikhwān al-ṣafāʾ 	Full copy?				11th/17th C					Fehrestegan 16:417			
Tehran	Malek	1485	Rasāʾil ikhwān al-ṣafāʾ 	Full?		1073	1662						Fehrestegan 16:418			
Tehran	Malek	2295	Mujmal al-ḥikma	Mujmal al-ḥikma	Persian			11th/17th C					Fehrestegan 28:315, no. 10			
Tehran	Malek	3454/2		Extract in majmūʿa (Persian)	Persian	1085	1674						Fehrestegan 28:316, no. 25			
Tehran	Malek	4027/17		Extracts in majmūʿa (Persian)	Persian			12th/18th C					Catalogue			
Tehran	Malek	4193/7		Extract in majmūʿa (Persian)	Persian	1276	1859						Fehrestegan 28:317, no. 38			
Tehran	Malek	4253/7		Extract in majmūʿa (Persian)	Persian	1059	1649				Muḥammad Kāẓim Iṣfahānī 		Fehrestegan 28:316, no. 27			
Tehran	Malek	4453/12		Partial Persian translation (qism 1 & 2) in majmūʿa	Persian	1224	1809			Tehran			Fehrestegan 16:421 nr 8			
Tehran	Malek	457	Mujmal al-ḥikma	Mujmal al-ḥikma	Persian			10th/16th C					Fehrestegan 28:315, no. 7			
Tehran	Malek	5439	Risālat al-Jāmiʿa	Full copy?		596	1200						Fehrestegan 16:478	http://alnadeem-mss.malecso.org/cgi-bin/koha/opac-detail.pl?biblionumber=112187&query_desc=kw%2Cwrdl%3A%20%D8%B1%D8%B3%D8%A7%D8%A6%D9%84%20%D8%A7%D8%AE%D9%88%D8%A7%D9%86%20%D8%A7%D9%84%D8%B5%D9%81%D8%A7		
Tehran	Malek	822/1	Mujmal al-ḥikma	Mujmal al-ḥikma	Persian			before 719					Fehrestegan 28:315, no. 4			
Tehran	Marawi Madrasa Library	406	Rasāʾil ikhwān al-ṣafāʾ 	Full?				11th/17th C					Fehrestegan 16:417, nr. 14			
Tehran	Melli / National Library	1226	Rasāʾil ikhwān al-ṣafāʾ 	Full copy?		1278	1861			Isfahan		Copied for ʿAbbāsqulīkhān Nūrī	Fehrestegan 16:419			
Tehran	Melli / National Library	15839	Mujmal al-ḥikma	Mujmal al-ḥikma	Persian			12th/18th C					Fehrestegan 28:317, no. 37			
Tehran	Melli / National Library	18255	Mujmal al-ḥikma	Mujmal al-ḥikma	Persian	1079	1668						Fehrestegan 28:317, no. 35			
Tehran	Melli / National Library	2122	Mujmal al-ḥikma	Mujmal al-ḥikma 	Persian	1072	1662						Fehrestegan 28:317, no. 31			
Tehran	Melli / National Library	550 	Rasāʾil ikhwān al-ṣafāʾ 	Partial (qism 1)				13th/19th C					Fehrestegan 16:418			
Tehran	Melli / National Library	783-784	Rasāʾil ikhwān al-ṣafāʾ 	Full (two vols.)				12th/18th C? 					CHECK			
Tehran	Melli / National Library	8645	Risālat al-Jāmiʿa	Full copy?		1063	1653								NLAI	
Tehran	Miftāḥ	1354	Mujmal al-ḥikma	Full?											Danishpazhuh ed.	
Tehran	Miftāḥ	463	Mujmal al-ḥikma	Full?				11th/17th C					Fehrestegan 28:316, no. 18			
Tehran	Mu’assasat-i Matali’a-yi Islami	132	Mujmal al-ḥikma	Full? 		1071	1661						Fehrestegan 16:421, nr 5			
Tehran	Mujtabā Maynawī	151	Rasāʾil ikhwān al-ṣafāʾ 	Partial copy (1.2-4.9)				9th-10th/15th-16th C					Fehrestegan 16:417, nr 10			
Tehran	Nūrbakhsh Library	209/1 		Partial Persian translation in majmūʿa		1071	1660						Fehrestegan 16:421, nr 6			
Tehran	Sepahsalar Madrasa	2789 	Mujmal al-ḥikma	Mujmal al-ḥikma (Persian)		1049	1639				Faraj Allāh b. Muḥammad Aḥwīzāwī (or ḥawīzī, or ḥuwayzī)		Fehrestegan 16:420, nr. 3			
Tehran	Sepahsalar Madrasa	2790/1		Persian translation (multiple hands)		1047	1638				Mullah Burhan bin Mullah Mohammad Khan Rashti; Taj al-Din Hassan Hosseini; Hakim Hussein bin Hakim Noureddin bin Hakim Ali Nourbakhshi Maliki Gilani Dailami		Fehrestegan 16:420, nr. 2			
Tehran	Sepahsalar Madrasa	5791/2	Mujmal al-ḥikma	Mujmal al-ḥikma (Persian)				11th/17th C					Fehrestegan 28:316 nr 16			
Tehran	Sepahsalar Madrasa	6555/1 		Persian translation							Hāshim b. Ḥusayn ʿ Amīd				NLAI	
Tehran	Sulṭanatī	189/2	Mujmal al-ḥikma	Mujmal al-ḥikma (Persian) partial				before 1055					Fehrestegan 28:316, no. 24			
Tehran	Tehran University Ilahiyāt	108 (J)	Mujmal al-ḥikma	Mujmal al-ḥikma (Persian) partial				11th or 12th C					Fehrestegan 28:317, no. 40			
Tehran	Tehran University Ilahiyāt	109 (J)	Mujmal al-ḥikma	Mujmal al-ḥikma (Persian) partial				11th or 12th C					Fehrestegan 28:317, no. 41			
Tehran?	Unknown repository	Arabic Manuscripts Institute al-Falsafa waʾl-manṭiq al-murattab al-abjādī 492 		Partial?										http://alnadeem-mss.malecso.org/cgi-bin/koha/opac-detail.pl?biblionumber=115288&query_desc=kw%2Cwrdl%3A%20%D8%B1%D8%B3%D8%A7%D8%A6%D9%84%20%D8%A7%D8%AE%D9%88%D8%A7%D9%86%20%D8%A7%D9%84%D8%B5%D9%81%D8%A7	Arabic Manuscripts Institute	
Tehran?	Unknown repository	13677		Extracts in majmūʿa 				11th/17th C							Aghabozorg.ir	
Tehran?	Unknown repository	15276		Extracts in majmūʿa 		1111	1699				Ḍiyāʾ al-Dīn D-rī				Aghabozorg.ir	
Tonk	Rajasthan Arabic and Persian Research Institute	1844		"Risala Ikhwan us-Safa" attrubuted to Ahmad b. Muhammad									Catalogue			
Toronto 	Birnbaum Collection	58 / A2 	Rasāʾil ikhwān al-ṣafāʾ 	Partial				12th/18th C					Catalogue			
Tübingen	Universitätsbibliothek	Ma VI 86	Risālat al-Jāmiʿa	Full copy		611	1215						http://idb.ub.uni-tuebingen.de/opendigi/LXV48_qt-MaVI-2#p=51	https://www.qalamos.net/receive/DE21Book_manuscript_00000174		
Tübingen	Universitätsbibliothek	Ma VI 90	Rasāʾil ikhwān al-ṣafāʾ 	Extract in majmūʿa (Section on “awliyāʾ Allāh”)				9th/15th C						https://www.qalamos.net/receive/DE21Book_manuscript_00000208		http://idb.ub.uni-tuebingen.de/opendigi/MaVI90#p=5
Turin	University Library	Kahle 179 (No. 220/II (o.i. no. 353/II)		Turkish translation of qism 3 in majmūʿa				late 13th/19th C					Catalogue			
Unknown	Christies 	2001 Live Auction 6428 - Lot 56	Rasāʾil ikhwān al-ṣafāʾ 	Partial				11th/17th C		Iran? 				https://www.christies.com/en/lot/lot-2034344		
Unknown	Piasa	Rares manuscrits orientaux chrétiens et islamiques - Lot H	Rasāʾil ikhwān al-ṣafāʾ 	2.1-2.8	Arabic			7th/13th C		Syria?			Auction catalogue	https://sdbm.library.upenn.edu/entries/31204		
Unknown	Sotheby's	Arts of the Islamic World 2008 - Lot 28		Fragment? (40 leaves) - mukhtasar? 		711	1311				Muhammad ibn Ahmad al-Isfara'ini			https://www.sothebys.com/en/auctions/ecatalogue/2008/arts-of-the-islamic-world-l08220/lot.28.html?locale=en		
Unknown	Sotheby's	Arts of the Islamic World 2010 - Lot 39	Rasāʾil ikhwān al-ṣafāʾ 	Extract in majmūʿa	Arabic			10th/16th C					Schoenberg database	https://sdbm.library.upenn.edu/entries/185035		
Unknown	Sotheby's	Arts of the Islamic World 2016 - Lot 35	Rasāʾil ikhwān al-ṣafāʾ 	Partial (qism 1)				8th/14th C						https://www.sothebys.com/en/auctions/ecatalogue/2016/arts-islamic-world-l16220/lot.35.html		
Unknown	Sotheby's	Arts of the Islamic World 2017 - Lot 27	Rasāʾil ikhwān al-ṣafāʾ 	Partial (half of qism 3 + qism 4)		683	1284			Anatolia?	Muḥammad b. ʿUmar b. Muḥammad al-Khāzin al-Tustari			https://www.sothebys.com/en/auctions/ecatalogue/2017/arts-of-the-islamic-world-l17220/lot.27.html		
Unknown	Sotheby's	Arts of the Islamic World 2018 - Lot 38	Rasāʾil ikhwān al-ṣafāʾ 	Partial (qism 1)				17th/18th C		India?	Yadullah-bakhsh (?) ibn Mulla 'Abd al-Qadir			https://www.sothebys.com/en/auctions/ecatalogue/2018/arts-of-the-islamic-world-l18220/lot.38.htm		
Unknown	Sotheby's	Arts of the Islamic World 2023 - Lot 22	Rasāʾil ikhwān al-ṣafāʾ 	Full copy	Arabic	1042	1633			Mashhad?	Muḥammad Bāqir b. Ḥajjī Muḥammad al-Ḥāfiẓ	Copied for Abū al-Fatḥ Manuchihr Khān (d. 1636)		https://web.archive.org/web/20231020081110/https://www.sothebys.com/en/buy/auction/2023/arts-of-the-islamic/a-rare-complete-copy-of-rasail-ikhwan-al-safa		
Uppsala	Uppsala University Library	300 / O Nov. 526 / Zn. 389	Mujmal al-ḥikma	Partial copy				11th/17th C					Ali Muhaddis, Catalogue of Persian Manuscripts in Uppsala University Library, 2012, pp. 305-6			
Vatican	Vatican Library	Majmūʿa 1608	Rasāʾil ikhwān al-ṣafāʾ 	Extract in majmūʿa		1030	1621						Catalogue			
Vatican	Vatican Library	Majmūʿa 265	Rasāʾil ikhwān al-ṣafāʾ 	Extract in majmūʿa		1175	1762						Catalogue			
Vatican	Vatican Library	Majmūʿa 494	Rasāʾil ikhwān al-ṣafāʾ 	Extract in majmūʿa (astronomy)									Flügel, catalogue band 1, p. 42, nr. 26 http://bilder.manuscripta-mediaevalia.de/hs//katalogseiten/HSK0777_c0042_jpg.htm	http://alnadeem-mss.malecso.org/cgi-bin/koha/opac-detail.pl?biblionumber=111135&query_desc=kw%2Cwrdl%3A%20%D8%B1%D8%B3%D8%A7%D8%A6%D9%84%20%D8%A7%D8%AE%D9%88%D8%A7%D9%86%20%D8%A7%D9%84%D8%B5%D9%81%D8%A7		
Vienna	Österreichische Nationalbibliothek	Cod. A.F. 441	Mujmal al-ḥikma	Full copy		1202	1787							https://w3id.org/vhmml/readingRoom/view/528019		
Vienna	Österreichische Nationalbibliothek	Cod. Mixt. 341 	Rasāʾil ikhwān al-ṣafāʾ 	Full?				10th/16th C		Turkey?				https://w3id.org/vhmml/readingRoom/view/529074		
Vienna	Österreichische Nationalbibliothek	Cod. N.F. 371		Extract(s) in majmūʿa (Persian)		949	1542			Mecca	حافظ على بن محمد ابراهيم فندرسكى من بلاد خراسان			https://w3id.org/vhmml/readingRoom/view/530773		
Vienna	Vienna Academy	Vienna_1491		?									ISMI Website			